Workbook

Sheet MDA_Cumulative_Input
A1: รายการ (สะสม ณ สิ้นงวด) | B1: 2564_Q1(3m) | C1: 2564_6M | D1: 2564_9M | E1: 2564_FY(12m) | F1: 2565_Q1(3m) | G1: 2565_6M | H1: 2565_9M | I1: 2565_FY(12m) | J1: 2566_Q1(3m) | K1: 2566_6M | L1: 2566_9M | M1: 2566_FY(12m) | N1: 2567_Q1(3m) | O1: 2567_6M | P1: 2567_9M | Q1: 2567_FY(12m) | R1: 2568_Q1(3m) | S1: 2568_6M | T1: 2568_9M | U1: 2568_FY(12m) | V1: แหล่งอ้างอิง
A2: รายได้รวม (ตามที่รายงาน, ล้านบาท) | B2: รอไฟล์ | C2: รอไฟล์ | D2: รอไฟล์ | E2: รอไฟล์ | F2: รอไฟล์ | G2: รอไฟล์ | H2: รอไฟล์ | I2: รอไฟล์ | J2: รอไฟล์ | K2: รอไฟล์ | L2: รอไฟล์ | M2: รอไฟล์ | N2: รอไฟล์ | O2: รอไฟล์ | P2: รอไฟล์ | Q2: รอไฟล์ | R2: 37596 | S2: 81360 | T2: 122933 | U2: 167241 | V2: MD&A MINT ทุกไตรมาส - ตาราง "ผลการดำเนินงาน" (ตามที่รายงาน)
A3: อัตรากำไรขั้นต้น (%, สะสม) | B3: รอไฟล์ | C3: รอไฟล์ | D3: รอไฟล์ | E3: รอไฟล์ | F3: รอไฟล์ | G3: รอไฟล์ | H3: รอไฟล์ | I3: รอไฟล์ | J3: รอไฟล์ | K3: รอไฟล์ | L3: รอไฟล์ | M3: รอไฟล์ | N3: รอไฟล์ | O3: รอไฟล์ | P3: รอไฟล์ | Q3: รอไฟล์ | R3: 0.408 | S3: 0.43 | T3: 0.431 | U3: 0.436 | V3: MD&A MINT - ตาราง "อัตราส่วนทางการเงิน"
A4: EBITDA (Core, สะสม, ล้านบาท) | B4: รอไฟล์ | C4: รอไฟล์ | D4: รอไฟล์ | E4: รอไฟล์ | F4: รอไฟล์ | G4: รอไฟล์ | H4: รอไฟล์ | I4: รอไฟล์ | J4: รอไฟล์ | K4: รอไฟล์ | L4: รอไฟล์ | M4: รอไฟล์ | N4: รอไฟล์ | O4: รอไฟล์ | P4: รอไฟล์ | Q4: รอไฟล์ | R4: 8382 | S4: 20923 | T4: 32957 | U4: 44973 | V4: MD&A MINT - ตาราง "ผลการดำเนินงาน" (จากการดำเนินงาน*)
A5: กำไรสุทธิ (Core, สะสม, ล้านบาท) | B5: รอไฟล์ | C5: รอไฟล์ | D5: รอไฟล์ | E5: รอไฟล์ | F5: รอไฟล์ | G5: รอไฟล์ | H5: รอไฟล์ | I5: รอไฟล์ | J5: รอไฟล์ | K5: รอไฟล์ | L5: รอไฟล์ | M5: รอไฟล์ | N5: รอไฟล์ | O5: รอไฟล์ | P5: รอไฟล์ | Q5: รอไฟล์ | R5: 50 | S5: 3461 | T5: 6229 | U5: 9700 | V5: MD&A MINT - ตาราง "ผลการดำเนินงาน" (จากการดำเนินงาน*)
A7: สีน้ำเงิน = ข้อมูลจริงจาก MD&A (ปี 2568) | "รอไฟล์" = ยังไม่ได้รับ MD&A ปี 2564-2567

Sheet BalanceSheet_Input
A1: รายการ (ยอดคงเหลือ ณ วันที่, ล้านบาท) | B1: 31-Dec-2567(ต้นปี) | C1: 31-Mar-2568 | D1: 30-Jun-2568 | E1: 30-Sep-2568 | F1: 31-Dec-2568 | G1: แหล่งอ้างอิง
A2: ลูกหนี้การค้าและลูกหนี้หมุนเวียนอื่น - สุทธิ | B2: 13970.341 | C2: 14945.937 | D2: 15751.811 | E2: 17466.545 | F2: 15911.602 | G2: งบฐานะการเงิน MINT (SET-filed CSV) แต่ละไตรมาส 2568 คอลัมน์ "ข้อมูลทางการเงินรวม"
A3: สินค้าคงเหลือ | B3: 3917.636 | C3: 4088.494 | D3: 4157.115 | E3: 4137.789 | F3: 3921.48 | G3: งบฐานะการเงิน MINT (SET-filed CSV) แต่ละไตรมาส 2568
A4: เจ้าหนี้การค้าและเจ้าหนี้หมุนเวียนอื่น | B4: 24414.611 | C4: 22052.993 | D4: 24610.107 | E4: 23955.136 | F4: 25606.359 | G4: งบฐานะการเงิน MINT (SET-filed CSV) แต่ละไตรมาส 2568
A5: สินทรัพย์รวม | B5: 346844.93 | C5: 355544.01 | D5: 366301.08 | E5: 356649.37 | F5: 357329.67 | G5: งบฐานะการเงิน MINT (SET-filed CSV) แต่ละไตรมาส 2568
A6: ส่วนของเจ้าของรวม | B6: 99136.831 | C6: 98317.427 | D6: 99185.386 | E6: 94833.336 | F6: 96985.657 | G6: งบฐานะการเงิน MINT (SET-filed CSV) แต่ละไตรมาส 2568
A8: หมายเหตุ: ค่าทั้งหมดแปลงหน่วยจากพันบาท(CSV งบดุล Mar/Jun/Sep) และบาท(CSV งบดุล Dec) เป็นล้านบาท ให้หน่วยตรงกับ MD&A | คอลัมน์ 31-Dec-2567 คือยอดต้นปี (=ปลายปีก่อนหน้า) ดึงจากคอลัมน์เทียบในแต่ละไฟล์งบดุล

Sheet MINT_Quarterly
A1: รายการ | B1: Q1/2564 | C1: Q2/2564 | D1: Q3/2564 | E1: Q4/2564 | F1: Q1/2565 | G1: Q2/2565 | H1: Q3/2565 | I1: Q4/2565 | J1: Q1/2566 | K1: Q2/2566 | L1: Q3/2566 | M1: Q4/2566 | N1: Q1/2567 | O1: Q2/2567 | P1: Q3/2567 | Q1: Q4/2567 | R1: Q1/2568 | S1: Q2/2568 | T1: Q3/2568 | U1: Q4/2568
A2: รายได้รวม (ล้านบาท) | B2: รอไฟล์ | C2: รอไฟล์ | D2: รอไฟล์ | E2: รอไฟล์ | F2: รอไฟล์ | G2: รอไฟล์ | H2: รอไฟล์ | I2: รอไฟล์ | J2: รอไฟล์ | K2: รอไฟล์ | L2: รอไฟล์ | M2: รอไฟล์ | N2: รอไฟล์ | O2: รอไฟล์ | P2: รอไฟล์ | Q2: รอไฟล์ | R2: =IncomeStatement_Actual!B2 -> 37267.312 | S2: =IncomeStatement_Actual!C2 -> 43497.069 | T2: =IncomeStatement_Actual!D2 -> 41174.584 | U2: =IncomeStatement_Actual!E2 -> 43865.749
A3: ต้นทุนขาย (จริงจากงบกำไรขาดทุน, ล้านบาท) | B3: รอไฟล์ | C3: รอไฟล์ | D3: รอไฟล์ | E3: รอไฟล์ | F3: รอไฟล์ | G3: รอไฟล์ | H3: รอไฟล์ | I3: รอไฟล์ | J3: รอไฟล์ | K3: รอไฟล์ | L3: รอไฟล์ | M3: รอไฟล์ | N3: รอไฟล์ | O3: รอไฟล์ | P3: รอไฟล์ | Q3: รอไฟล์ | R3: =IncomeStatement_Actual!B3 -> 20008.898 | S3: =IncomeStatement_Actual!C3 -> 22101.435 | T3: =IncomeStatement_Actual!D3 -> 21956.753 | U3: =IncomeStatement_Actual!E3 -> 22154.699
A4: กำไรขั้นต้น (ล้านบาท) | B4: รอไฟล์ | C4: รอไฟล์ | D4: รอไฟล์ | E4: รอไฟล์ | F4: รอไฟล์ | G4: รอไฟล์ | H4: รอไฟล์ | I4: รอไฟล์ | J4: รอไฟล์ | K4: รอไฟล์ | L4: รอไฟล์ | M4: รอไฟล์ | N4: รอไฟล์ | O4: รอไฟล์ | P4: รอไฟล์ | Q4: รอไฟล์ | R4: =R2-R3 -> 17258.414 | S4: =S2-S3 -> 21395.634 | T4: =T2-T3 -> 19217.831 | U4: =U2-U3 -> 21711.05
A5: อัตรากำไรขั้นต้น (%) | B5: รอไฟล์ | C5: รอไฟล์ | D5: รอไฟล์ | E5: รอไฟล์ | F5: รอไฟล์ | G5: รอไฟล์ | H5: รอไฟล์ | I5: รอไฟล์ | J5: รอไฟล์ | K5: รอไฟล์ | L5: รอไฟล์ | M5: รอไฟล์ | N5: รอไฟล์ | O5: รอไฟล์ | P5: รอไฟล์ | Q5: รอไฟล์ | R5: =IFERROR(R4/R2,"") -> 0.4630979 | S5: =IFERROR(S4/S2,"") -> 0.4918868 | T5: =IFERROR(T4/T2,"") -> 0.46674014 | U5: =IFERROR(U4/U2,"") -> 0.4949431
A6: EBITDA (Core, ล้านบาท) | B6: รอไฟล์ | C6: รอไฟล์ | D6: รอไฟล์ | E6: รอไฟล์ | F6: รอไฟล์ | G6: รอไฟล์ | H6: รอไฟล์ | I6: รอไฟล์ | J6: รอไฟล์ | K6: รอไฟล์ | L6: รอไฟล์ | M6: รอไฟล์ | N6: รอไฟล์ | O6: รอไฟล์ | P6: รอไฟล์ | Q6: รอไฟล์ | R6: =MDA_Cumulative_Input!R4 -> 8382 | S6: =MDA_Cumulative_Input!S4-MDA_Cumulative_Input!R4 -> 12541 | T6: =MDA_Cumulative_Input!T4-MDA_Cumulative_Input!S4 -> 12034 | U6: =MDA_Cumulative_Input!U4-MDA_Cumulative_Input!T4 -> 12016
A7: EBITDA Margin (%) | B7: รอไฟล์ | C7: รอไฟล์ | D7: รอไฟล์ | E7: รอไฟล์ | F7: รอไฟล์ | G7: รอไฟล์ | H7: รอไฟล์ | I7: รอไฟล์ | J7: รอไฟล์ | K7: รอไฟล์ | L7: รอไฟล์ | M7: รอไฟล์ | N7: รอไฟล์ | O7: รอไฟล์ | P7: รอไฟล์ | Q7: รอไฟล์ | R7: =IFERROR(R6/R2,"") -> 0.2249156 | S7: =IFERROR(S6/S2,"") -> 0.28831828 | T7: =IFERROR(T6/T2,"") -> 0.29226768 | U7: =IFERROR(U6/U2,"") -> 0.2739267
A8: กำไรสุทธิ (Core, ล้านบาท) | B8: รอไฟล์ | C8: รอไฟล์ | D8: รอไฟล์ | E8: รอไฟล์ | F8: รอไฟล์ | G8: รอไฟล์ | H8: รอไฟล์ | I8: รอไฟล์ | J8: รอไฟล์ | K8: รอไฟล์ | L8: รอไฟล์ | M8: รอไฟล์ | N8: รอไฟล์ | O8: รอไฟล์ | P8: รอไฟล์ | Q8: รอไฟล์ | R8: =MDA_Cumulative_Input!R5 -> 50 | S8: =MDA_Cumulative_Input!S5-MDA_Cumulative_Input!R5 -> 3411 | T8: =MDA_Cumulative_Input!T5-MDA_Cumulative_Input!S5 -> 2768 | U8: =MDA_Cumulative_Input!U5-MDA_Cumulative_Input!T5 -> 3471
A9: อัตรากำไรสุทธิ NPM (%) | B9: รอไฟล์ | C9: รอไฟล์ | D9: รอไฟล์ | E9: รอไฟล์ | F9: รอไฟล์ | G9: รอไฟล์ | H9: รอไฟล์ | I9: รอไฟล์ | J9: รอไฟล์ | K9: รอไฟล์ | L9: รอไฟล์ | M9: รอไฟล์ | N9: รอไฟล์ | O9: รอไฟล์ | P9: รอไฟล์ | Q9: รอไฟล์ | R9: =IFERROR(R8/R2,"") -> 0.0013416583 | S9: =IFERROR(S8/S2,"") -> 0.078419077 | T9: =IFERROR(T8/T2,"") -> 0.067225937 | U9: =IFERROR(U8/U2,"") -> 0.079127795
A10: DSO (วัน) | B10: รอไฟล์ | C10: รอไฟล์ | D10: รอไฟล์ | E10: รอไฟล์ | F10: รอไฟล์ | G10: รอไฟล์ | H10: รอไฟล์ | I10: รอไฟล์ | J10: รอไฟล์ | K10: รอไฟล์ | L10: รอไฟล์ | M10: รอไฟล์ | N10: รอไฟล์ | O10: รอไฟล์ | P10: รอไฟล์ | Q10: รอไฟล์ | R10: =((BalanceSheet_Input!B2+BalanceSheet_Input!C2)/2)/R2*90 -> 34.916189 | S10: =((BalanceSheet_Input!C2+BalanceSheet_Input!D2)/2)/S2*91 -> 32.111302 | T10: =((BalanceSheet_Input!D2+BalanceSheet_Input!E2)/2)/T2*92 -> 37.111349 | U10: =((BalanceSheet_Input!E2+BalanceSheet_Input!F2)/2)/U2*92 -> 35.002133
A11: DIO (วัน) | B11: รอไฟล์ | C11: รอไฟล์ | D11: รอไฟล์ | E11: รอไฟล์ | F11: รอไฟล์ | G11: รอไฟล์ | H11: รอไฟล์ | I11: รอไฟล์ | J11: รอไฟล์ | K11: รอไฟล์ | L11: รอไฟล์ | M11: รอไฟล์ | N11: รอไฟล์ | O11: รอไฟล์ | P11: รอไฟล์ | Q11: รอไฟล์ | R11: =((BalanceSheet_Input!B3+BalanceSheet_Input!C3)/2)/R3*90 -> 18.005782 | S11: =((BalanceSheet_Input!C3+BalanceSheet_Input!D3)/2)/S3*91 -> 16.975152 | T11: =((BalanceSheet_Input!D3+BalanceSheet_Input!E3)/2)/T3*92 -> 17.378051 | U11: =((BalanceSheet_Input!E3+BalanceSheet_Input!F3)/2)/U3*92 -> 16.733532
A12: DPO (วัน) | B12: รอไฟล์ | C12: รอไฟล์ | D12: รอไฟล์ | E12: รอไฟล์ | F12: รอไฟล์ | G12: รอไฟล์ | H12: รอไฟล์ | I12: รอไฟล์ | J12: รอไฟล์ | K12: รอไฟล์ | L12: รอไฟล์ | M12: รอไฟล์ | N12: รอไฟล์ | O12: รอไฟล์ | P12: รอไฟล์ | Q12: รอไฟล์ | R12: =((BalanceSheet_Input!B4+BalanceSheet_Input!C4)/2)/R3*90 -> 104.50561 | S12: =((BalanceSheet_Input!C4+BalanceSheet_Input!D4)/2)/S3*91 -> 96.064851 | T12: =((BalanceSheet_Input!D4+BalanceSheet_Input!E4)/2)/T3*92 -> 101.74552 | U12: =((BalanceSheet_Input!E4+BalanceSheet_Input!F4)/2)/U3*92 -> 102.90498
A13: CCC (วัน) | B13: รอไฟล์ | C13: รอไฟล์ | D13: รอไฟล์ | E13: รอไฟล์ | F13: รอไฟล์ | G13: รอไฟล์ | H13: รอไฟล์ | I13: รอไฟล์ | J13: รอไฟล์ | K13: รอไฟล์ | L13: รอไฟล์ | M13: รอไฟล์ | N13: รอไฟล์ | O13: รอไฟล์ | P13: รอไฟล์ | Q13: รอไฟล์ | R13: =R11+R10-R12 -> -51.583644 | S13: =S11+S10-S12 -> -46.978397 | T13: =T11+T10-T12 -> -47.256116 | U13: =U11+U10-U12 -> -51.169311
A14: ROA รายไตรมาส (%) | B14: รอไฟล์ | C14: รอไฟล์ | D14: รอไฟล์ | E14: รอไฟล์ | F14: รอไฟล์ | G14: รอไฟล์ | H14: รอไฟล์ | I14: รอไฟล์ | J14: รอไฟล์ | K14: รอไฟล์ | L14: รอไฟล์ | M14: รอไฟล์ | N14: รอไฟล์ | O14: รอไฟล์ | P14: รอไฟล์ | Q14: รอไฟล์ | R14: =R8/((BalanceSheet_Input!B5+BalanceSheet_Input!C5)/2) -> 0.00014237126 | S14: =S8/((BalanceSheet_Input!C5+BalanceSheet_Input!D5)/2) -> 0.0094507812 | T14: =T8/((BalanceSheet_Input!D5+BalanceSheet_Input!E5)/2) -> 0.0076575096 | U14: =U8/((BalanceSheet_Input!E5+BalanceSheet_Input!F5)/2) -> 0.0097229745
A15: ROE รายไตรมาส (%) | B15: รอไฟล์ | C15: รอไฟล์ | D15: รอไฟล์ | E15: รอไฟล์ | F15: รอไฟล์ | G15: รอไฟล์ | H15: รอไฟล์ | I15: รอไฟล์ | J15: รอไฟล์ | K15: รอไฟล์ | L15: รอไฟล์ | M15: รอไฟล์ | N15: รอไฟล์ | O15: รอไฟล์ | P15: รอไฟล์ | Q15: รอไฟล์ | R15: =R8/((BalanceSheet_Input!B6+BalanceSheet_Input!C6)/2) -> 0.00050644641 | S15: =S8/((BalanceSheet_Input!C6+BalanceSheet_Input!D6)/2) -> 0.03454128 | T15: =T8/((BalanceSheet_Input!D6+BalanceSheet_Input!E6)/2) -> 0.028533329 | U15: =U8/((BalanceSheet_Input!E6+BalanceSheet_Input!F6)/2) -> 0.036190368
A17: อ้างอิง: อัตราส่วนรายปี 2568 ที่ MINT เปิดเผยตรงใน MD&A (เทียบกับค่าที่คำนวณเอง)
A18: DSO รายปี (วัน, MINT รายงาน) | U18: 24
A19: DIO รายปี (วัน, MINT รายงาน) | U19: 20
A20: DPO รายปี (วัน, MINT รายงาน) | U20: 67
A21: ROA รายปี (%, MINT รายงาน) | U21: 0.028
A22: ROE รายปี (%, MINT รายงาน) | U22: 0.099

Sheet Notes
A1: ไฟล์นี้คือ MINT_Quarterly แบบ 5 ปี x 4 ไตรมาส — ปี 2568 อัปเดตแล้วให้ใช้ 'ต้นทุนขายจริง' จากงบกำไรขาดทุน แทนค่าประมาณจาก GM% ที่ใช้ในเวอร์ชันก่อนหน้า
A3: แหล่งข้อมูลที่ใช้ (ปี 2568):
A4: 1) MD&A 4 ไตรมาส → EBITDA, กำไรสุทธิ (คำนวณด้วยสูตรลบสะสม) — คงเดิม ไม่เปลี่ยน
A5: 2) งบกำไรขาดทุนจริง Q1(3m)/Q2(3m)/Q3(3m) + งบกำไรขาดทุน FY (SET-filed CSV) → รายได้และต้นทุนขายจริงทุกไตรมาส (Q4 คำนวณจาก FY ลบ Q1+Q2+Q3)
A6: 3) งบฐานะการเงิน 5 จุดเวลา (31 ธ.ค.67, มี.ค./มิ.ย./ก.ย./ธ.ค. 68) → ลูกหนี้การค้า, สินค้าคงเหลือ, เจ้าหนี้การค้า, สินทรัพย์รวม, ส่วนของเจ้าของรวม
A8: การเปลี่ยนแปลงจากเวอร์ชันก่อนหน้า:
A9: - อัตรากำไรขั้นต้นที่คำนวณใหม่ (46-49%) สูงกว่าค่าประมาณเดิม (40-45%) เพราะนิยาม 'ต้นทุนขาย' ในไฟล์นี้ = เฉพาะต้นทุนตรงของโรงแรม + ต้นทุนอาหารและเครื่องดื่ม ไม่รวมค่าใช้จ่ายขายและบริหาร ขณะที่ 'อัตรากำไรขั้นต้น' ที่ MINT รายงานใน MD&A อาจคำนวณจากฐานต้นทุนที่กว้างกว่านี้ - ตัวเลขทั้งสองจึงไม่ใช่นิยามเดียวกัน
A10: - DIO ที่คำนวณใหม่ (~17-18 วัน) ใกล้เคียงกับที่ MINT รายงานรายปี (20 วัน) มากขึ้นกว่าเดิม
A11: - DPO ที่คำนวณใหม่ (~97-105 วัน) ยังห่างจากที่ MINT รายงาน (67 วัน) — ทดสอบแล้วพบว่าถ้าใช้ฐานต้นทุนที่กว้างกว่า (รวมค่าใช้จ่ายขาย+บริหารด้วย) DPO รายปีจะได้ ~64 วัน ใกล้เคียงกับที่ MINT รายงานมาก ซึ่งบ่งชี้ว่า MINT อาจคำนวณ DPO จากฐาน 'ค่าใช้จ่ายรวม' ไม่ใช่ 'ต้นทุนขาย' อย่างเดียว แต่ไม่มีเอกสารยืนยันวิธีคำนวณภายในที่แท้จริงของบริษัท
A12: - DSO ที่คำนวณใหม่ (~32-37 วัน) ยังห่างจากที่ MINT รายงาน (24 วัน) พอสมควร สาเหตุที่เป็นไปได้: บรรทัด 'ลูกหนี้การค้าและลูกหนี้หมุนเวียนอื่น' รวมลูกหนี้ที่ไม่ใช่การค้าด้วย
A14: สรุป: DSO/DIO/DPO ในไฟล์นี้เป็นค่าที่คำนวณเองตามสูตรมาตรฐาน (Average Balance/Flow x Days) จากข้อมูลสาธารณะ แม่นยำขึ้นกว่าเวอร์ชันก่อนหน้าเพราะใช้ COGS จริงแล้ว แต่ยังไม่ได้ยืนยันตรงกับวิธีคำนวณภายในของ MINT 100% ควรใช้เพื่อดูแนวโน้มและเปรียบเทียบระหว่างไตรมาส/บริษัทที่คำนวณด้วยวิธีเดียวกันทั้งหมด
A16: ROA/ROE ยังคงแม่นยำ (ตรวจสอบแล้วว่าใกล้เคียงตัวเลขที่ MINT รายงานเองมาก) ไม่ได้รับผลกระทบจากการเปลี่ยนแปลงนี้
A18: ขั้นตอนถัดไป (รอการยืนยัน): ขอ MD&A + งบกำไรขาดทุน + งบฐานะการเงิน ของ MINT ปี 2564-2567 แล้วจึงทำซ้ำแบบเดียวกันกับอีก 9 บริษัท

Sheet IncomeStatement_Actual
A1: รายการ (ล้านบาท) | B1: Q1/2568 (จริง) | C1: Q2/2568 (จริง) | D1: Q3/2568 (จริง) | E1: Q4/2568 (=FY-Q1-Q2-Q3) | F1: FY2568 (จริง) | G1: แหล่งอ้างอิง
A2: รวมรายได้ (ตามงบกำไรขาดทุน) | B2: 37267.312 | C2: 43497.069 | D2: 41174.584 | E2: =F2-B2-C2-D2 -> 43865.749 | F2: 165804.71 | G2: งบกำไรขาดทุน MINT (SET-filed CSV) Q1(3m)/Q2(3m)/Q3(3m) และ FY2568 - บรรทัด "รวมรายได้"
A3: ต้นทุนขาย (ต้นทุนตรงโรงแรม+ต้นทุนอาหารฯ) | B3: 20008.898 | C3: 22101.435 | D3: 21956.753 | E3: =F3-B3-C3-D3 -> 22154.699 | F3: 86221.785 | G3: งบกำไรขาดทุน MINT - "ต้นทุนโดยตรงของกิจการโรงแรมฯ" + "ต้นทุนขายอาหารและเครื่องดื่มฯ" (ไม่รวมบรรทัด "ธุรกิจโรงแรมและธุรกิจอื่น" ที่ปรากฏเฉพาะในงบ FY)
A5: หมายเหตุ: แทนที่ COGS ประมาณจาก GM% (ที่ใช้ในเวอร์ชันก่อนหน้า) ด้วยตัวเลขต้นทุนขายจริงจากงบกำไรขาดทุน — Q1/Q2/Q3 เป็นตัวเลขไตรมาสเดี่ยวจริง (ไม่ต้องลบสะสม) ส่วน Q4 คำนวณจาก FY ลบผลรวม Q1-Q3

Sheet Methodology_CFA
A1: Methodology 1 — CFA / Damodaran Standard (สูตรมาตรฐานสำหรับงานวิจัย)
A3: หลักการ | B3: ใช้ "รายได้" เป็นตัวหารของ DSO (เพราะลูกหนี้แปรผันตามยอดขายที่ออกบิล) และใช้ "ต้นทุนขาย (COGS)" เป็นตัวหารของ DIO และ DPO (เพราะสินค้าคงเหลือและเจ้าหนี้แปรผันตามต้นทุน) | C3: อ้างอิง: CFA Institute curriculum; Damodaran (NYU Stern)
A4: การใช้ค่าเฉลี่ยงบดุล | B4: ทุกรายการในงบดุลใช้ค่าเฉลี่ย = (ยอดต้นงวด + ยอดปลายงวด) / 2 | C4: มาตรฐานสากล
A5: จำนวนวัน | B5: รายไตรมาส: ใช้จำนวนวันจริงในไตรมาสนั้น (Q1=90, Q2=91, Q3=92, Q4=92) | รายปี: 365
A7: ตัวชี้วัด | B7: สูตร | C7: หมายเหตุ
A8: DSO (วัน) | B8: ค่าเฉลี่ยลูกหนี้การค้า / รายได้รวม × จำนวนวัน | C8: ควรใช้ "ลูกหนี้การค้า" ล้วน ถ้ามีข้อมูลจากหมายเหตุประกอบงบ
A9: DIO (วัน) | B9: ค่าเฉลี่ยสินค้าคงเหลือ / ต้นทุนขาย × จำนวนวัน
A10: DPO (วัน) | B10: ค่าเฉลี่ยเจ้าหนี้การค้า / ต้นทุนขาย × จำนวนวัน | C10: ควรใช้ "เจ้าหนี้การค้า" ล้วน ถ้ามีข้อมูลจากหมายเหตุประกอบงบ
A11: CCC (วัน) | B11: DIO + DSO − DPO | C11: ค่าติดลบ = ได้เงินจากลูกค้าก่อนจ่ายเจ้าหนี้ (ปกติสำหรับธุรกิจโรงแรม/ร้านอาหาร)
A12: ROA (%) | B12: กำไรสุทธิ / ค่าเฉลี่ยสินทรัพย์รวม | C12: รายไตรมาส = อัตราต่อไตรมาส (ไม่ annualize) | รายปี = เต็มปี
A13: ROE (%) | B13: กำไรสุทธิ / ค่าเฉลี่ยส่วนของผู้ถือหุ้น
A14: NPM (%) | B14: กำไรสุทธิ / รายได้รวม
A16: ข้อดีของวิธีนี้ | B16: เป็นสูตรมาตรฐานที่อ้างอิงได้ในวิทยานิพนธ์ (referee ยอมรับ) และใช้เหมือนกันได้ทั้ง 10 บริษัท ทำให้เปรียบเทียบข้ามบริษัทได้อย่างยุติธรรม (apples-to-apples)
A17: ข้อจำกัด | B17: ตัวเลขที่ได้อาจต่างจากที่บริษัทเปิดเผยเอง เพราะแต่ละบริษัทอาจใช้นิยาม/ฐานการคำนวณต่างกัน — ดู Methodology 2 (Reverse-Engineering) ประกอบ

Sheet Methodology_ReverseEng
A1: Methodology 2 — Reverse-Engineering Framework (หา assumption ที่บริษัทใช้จริง)
A2: วัตถุประสงค์: เมื่อได้ข้อมูลครบทุกบริษัท ให้ทดสอบสูตรหลายๆ แบบ (variant) เทียบกับอัตราส่วนรายปีที่บริษัทเปิดเผยเองใน MD&A แล้วหา variant ที่ให้ค่าใกล้เคียงที่สุด (error ต่ำสุด)
A3: เป้าหมายสุดท้าย: หา "assumption ร่วม" ที่ variant เดียวกัน match ได้ดีในหลายบริษัท → ใช้ variant นั้นเป็นสูตรกลางของงานวิจัย เพื่อให้ตัวเลขทั้งใกล้เคียงค่าที่บริษัทรายงาน และเปรียบเทียบข้ามบริษัทได้
A4: วิธีใช้: ตารางด้านล่างคือ prototype กับ MINT (ปี 2568) เมื่อได้บริษัทอื่นครบ จะเพิ่มคอลัมน์ผลลัพธ์ของแต่ละบริษัท แล้วดูว่าแถวไหน (variant ไหน) เป็น BEST MATCH ซ้ำกันบ่อยที่สุด
A6: ค่าที่ MINT เปิดเผยเอง (FY2568): | B6: DSO=24 | DIO=20 | DPO=67 วัน
A8: ตัวชี้วัด | B8: Variant (สูตรที่ทดสอบ) | C8: MINT (คำนวณ) | D8: เป้า (รายงาน) | E8: Error | F8: BEST?
A9: DSO | B9: AR_avg / รายได้รวม × วัน | C9: 32.9 | D9: 24 | E9: 8.9 | F9: ✓ ใกล้สุด
A10: DSO | B10: AR_avg / รายได้ดำเนินงาน × วัน | C10: 34 | D10: 24 | E10: 10
A11: DSO | B11: AR_ปลายงวด / รายได้รวม × วัน | C11: 35 | D11: 24 | E11: 11
A12: DIO | B12: INV_avg / ต้นทุนขาย(แคบ) × วัน | C12: 16.6 | D12: 20 | E12: -3.4 | F12: ✓ ใกล้สุด
A13: DIO | B13: INV_avg / ต้นทุนขาย(รวมโรงแรมอื่น) × วัน | C13: 15.8 | D13: 20 | E13: -4.2
A14: DIO | B14: INV_avg / (ต้นทุนขาย+SG&A) × วัน | C14: 10.3 | D14: 20 | E14: -9.7
A15: DPO | B15: AP_avg / ต้นทุนขาย(แคบ) × วัน | C15: 105.9 | D15: 67 | E15: 38.9
A16: DPO | B16: AP_avg / (ต้นทุนขาย+SG&A) × วัน | C16: 65.8 | D16: 67 | E16: -1.2
A17: DPO | B17: AP_ปลายงวด / (ต้นทุนขาย+SG&A) × วัน | C17: 67.4 | D17: 67 | E17: 0.4 | F17: ✓ ใกล้สุด
A18: DPO | B18: AP_avg / ค่าใช้จ่ายรวม(ไม่รวมดอกเบี้ย) × วัน | C18: 63.2 | D18: 67 | E18: -3.8
A20: ผลสำหรับ MINT (prototype):
A21: DPO | B21: variant "AP_ปลายงวด / (ต้นทุนขาย+SG&A)" ตรงเกือบเป๊ะ (67.4 vs 67) → MINT ใช้ฐานต้นทุน+ค่าใช้จ่ายขายบริหาร ไม่ใช่ต้นทุนขายอย่างเดียว
A22: DSO | B22: ไม่มี variant ไหนตรง (ใกล้สุด 32.9 vs 24) → ค่าที่ตรงต้องใช้ลูกหนี้ = 73% ของบรรทัดรวม บ่งชี้ว่า MINT ใช้ "ลูกหนี้การค้าล้วน" จากหมายเหตุประกอบงบ (ยังไม่มีข้อมูล)
A23: DIO | B23: ไม่มี variant ไหนตรงชัด (ใกล้สุด 16.6 vs 20) → ต้องรอทดสอบกับบริษัทอื่นว่ามี pattern ร่วมหรือไม่
A25: ขั้นตอนเมื่อได้ครบ 10 บริษัท:
A26: 1 | B26: รันตารางนี้กับทุกบริษัท เพิ่มคอลัมน์ผลลัพธ์รายบริษัท
A27: 2 | B27: นับว่า variant ไหนเป็น BEST MATCH ซ้ำกันบ่อยที่สุดข้ามบริษัท
A28: 3 | B28: ถ้า variant เดียวกัน match ดีในหลายบริษัท → ใช้เป็นสูตรกลาง (assumption ร่วม) ที่ทั้งใกล้ค่าจริงและเทียบข้ามบริษัทได้
A29: 4 | B29: ถ้าแต่ละบริษัทใช้คนละ variant → สรุปว่าไม่มี assumption ร่วม ควรกลับไปใช้ Methodology 1 (CFA มาตรฐาน) เป็นหลัก และรายงานส่วนต่างไว้
