Workbook

Sheet Inputs
A1: ตัวเลขดิบจากงบตรวจสอบ FY2568 (ล้านบาท) — ช่องเหลืองแก้ได้
A2: รายการ | B2: ASIA | C2: CENTEL | D2: DUSIT | E2: ERW | F2: MANRIN | G2: MINT | H2: OHTL | I2: SHANG | J2: SHR | K2: VRANDA
A3: รายได้รวม (FY) | B3: 1364.564 | C3: 25050.93 | D3: 8923.997 | E3: 7937.392 | F3: 363.247 | G3: 165804.71 | H3: 2524.941 | I3: 2153.389 | J3: 10411.173 | K3: 1577.181
A4: รายได้อื่น (FY) | B4: 80.027 | C4: 1096.979 | D4: 1013.082 | E4: 25.178 | F4: 1.015 | G4: 4275.181 | H4: 2.68 | I4: 20.237 | J4: 111.837 | K4: 46.964
A5: ต้นทุนขาย (FY) | B5: 942.602 | C5: 13356.611 | D5: 5378.316 | E5: 3265.028 | F5: 213.736 | G5: 86221.785 | H5: 1332.588 | I5: 695.217 | J5: 6279.64 | K5: 866.224
A6: กำไรสุทธิ (รวมส่วนได้เสียไม่มีอำนาจควบคุม) | B6: -3.355 | C6: 1964.146 | D6: -470.835 | E6: 904.756 | F6: 39.818 | G6: 9839.333 | H6: 313.694 | I6: 240.904 | J6: -1586.048 | K6: 100.784
A7: กำไรสุทธิ (ส่วนของผู้ถือหุ้นบริษัทใหญ่) | C7: 1992.902 | D7: -453.313 | G7: 9009.342 | H7: 313.694 | I7: 240.912 | K7: 100.784
A8: ลูกหนี้การค้า — ต้นปี | B8: 87.279 | C8: 1207.737 | D8: 1145.08 | E8: 222.438 | F8: 13.217 | G8: 13970.341 | H8: 84.202 | I8: 80.064 | J8: 475.753 | K8: 55.427
A9: ลูกหนี้การค้า — ปลายปี | B9: 90.573 | C9: 961.72 | D9: 1482.137 | E9: 232.438 | F9: 10.615 | G9: 15911.602 | H9: 107.373 | I9: 90.013 | J9: 406.258 | K9: 52.939
A10: สินค้าคงเหลือ — ต้นปี | B10: 46.247 | C10: 904.759 | D10: 130.736 | E10: 42.817 | F10: 1.626 | G10: 3917.636 | H10: 28.86 | I10: 28.732 | J10: 232.259 | K10: 16.851
A11: สินค้าคงเหลือ — ปลายปี | B11: 46.002 | C11: 868.216 | D11: 133.654 | E11: 40.396 | F11: 1.637 | G11: 3921.48 | H11: 36.342 | I11: 27.883 | J11: 244.432 | K11: 20.38
A12: เจ้าหนี้การค้า — ต้นปี | B12: 33.155 | C12: 4423.239 | D12: 1909.206 | E12: 266.009 | F12: 40.06 | G12: 24414.611 | H12: 374.801 | I12: 234.957 | J12: 975.128 | K12: 440.911
A13: เจ้าหนี้การค้า — ปลายปี | B13: 32.852 | C13: 3929.778 | D13: 2068.782 | E13: 257.323 | F13: 30.444 | G13: 25606.359 | H13: 598.642 | I13: 259.24 | J13: 1009.863 | K13: 238.739
A14: สินทรัพย์รวม — ต้นปี | B14: 10140.751 | C14: 60760.633 | D14: 38270.77 | E14: 26246.078 | F14: 691.668 | G14: 346844.93 | H14: 5742.7 | I14: 8067.434 | J14: 36325.359 | K14: 5614.758
A15: สินทรัพย์รวม — ปลายปี | B15: 10336.316 | C15: 62728.019 | D15: 39722.107 | E15: 26459.926 | F15: 645.327 | G15: 357329.67 | H15: 6047.546 | I15: 8261.976 | J15: 33003.412 | K15: 5770.154
A16: ส่วนของเจ้าของรวม — ต้นปี | B16: 6008.757 | C16: 20949.738 | D16: 8788.435 | E16: 9491.813 | F16: 438.545 | G16: 99136.831 | H16: 2483.822 | I16: 7439.227 | J16: 15925.838 | K16: 1839.092
A17: ส่วนของเจ้าของรวม — ปลายปี | B17: 5913.129 | C17: 22614.472 | D17: 8261.867 | E17: 9787.165 | F17: 476.449 | G17: 96985.657 | H17: 2797.22 | I17: 7509.094 | J17: 13373.217 | K17: 1894.268
A18: หนี้สินรวม — ปลายปี | B18: 4423.187 | C18: 40113.547 | D18: 31460.24 | E18: 16672.762 | F18: 168.877 | G18: 260344.01 | H18: 3250.326 | I18: 752.882 | J18: 19630.194 | K18: 3875.886

Sheet Ratios
A1: อัตราส่วน FY2568 — ฐาน CFA (=สูตรสด อ้างอิงชีต Inputs)
A2: อัตราส่วน | B2: ASIA | C2: CENTEL | D2: DUSIT | E2: ERW | F2: MANRIN | G2: MINT | H2: OHTL | I2: SHANG | J2: SHR | K2: VRANDA
A3: NPM (%) | B3: =Inputs!B5/Inputs!B2 | C3: =Inputs!C5/Inputs!C2 | D3: =Inputs!D5/Inputs!D2 | E3: =Inputs!E5/Inputs!E2 | F3: =Inputs!F5/Inputs!F2 | G3: =Inputs!G5/Inputs!G2 | H3: =Inputs!H5/Inputs!H2 | I3: =Inputs!I5/Inputs!I2 | ... K3: =Inputs!K5/Inputs!K2
A4: Gross Margin (%) | B4: =((Inputs!B2-Inputs!B3)-Inputs!B4)/(Inputs!B2-Inputs!B3) | C4: =((Inputs!C2-Inputs!C3)-Inputs!C4)/(Inputs!C2-Inputs!C3) | D4: =((Inputs!D2-Inputs!D3)-Inputs!D4)/(Inputs!D2-Inputs!D3) | E4: =((Inputs!E2-Inputs!E3)-Inputs!E4)/(Inputs!E2-Inputs!E3) | F4: =((Inputs!F2-Inputs!F3)-Inputs!F4)/(Inputs!F2-Inputs!F3) | G4: =((Inputs!G2-Inputs!G3)-Inputs!G4)/(Inputs!G2-Inputs!G3) | H4: =((Inputs!H2-Inputs!H3)-Inputs!H4)/(Inputs!H2-Inputs!H3) | I4: =((Inputs!I2-Inputs!I3)-Inputs!I4)/(Inputs!I2-Inputs!I3) | ... K4: =((Inputs!K2-Inputs!K3)-Inputs!K4)/(Inputs!K2-Inputs!K3)
A5: ROA (%) | B5: =Inputs!B5/((Inputs!B13+Inputs!B14)/2) | C5: =Inputs!C5/((Inputs!C13+Inputs!C14)/2) | D5: =Inputs!D5/((Inputs!D13+Inputs!D14)/2) | E5: =Inputs!E5/((Inputs!E13+Inputs!E14)/2) | F5: =Inputs!F5/((Inputs!F13+Inputs!F14)/2) | G5: =Inputs!G5/((Inputs!G13+Inputs!G14)/2) | H5: =Inputs!H5/((Inputs!H13+Inputs!H14)/2) | I5: =Inputs!I5/((Inputs!I13+Inputs!I14)/2) | ... K5: =Inputs!K5/((Inputs!K13+Inputs!K14)/2)
A6: ROE รวม (%) | B6: =Inputs!B5/((Inputs!B15+Inputs!B16)/2) | C6: =Inputs!C5/((Inputs!C15+Inputs!C16)/2) | D6: =Inputs!D5/((Inputs!D15+Inputs!D16)/2) | E6: =Inputs!E5/((Inputs!E15+Inputs!E16)/2) | F6: =Inputs!F5/((Inputs!F15+Inputs!F16)/2) | G6: =Inputs!G5/((Inputs!G15+Inputs!G16)/2) | H6: =Inputs!H5/((Inputs!H15+Inputs!H16)/2) | I6: =Inputs!I5/((Inputs!I15+Inputs!I16)/2) | ... K6: =Inputs!K5/((Inputs!K15+Inputs!K16)/2)
A7: ROE ส่วนแม่ (%) | B7: =Inputs!B6/((Inputs!B15+Inputs!B16)/2) | C7: =Inputs!C6/((Inputs!C15+Inputs!C16)/2) | D7: =Inputs!D6/((Inputs!D15+Inputs!D16)/2) | E7: =Inputs!E6/((Inputs!E15+Inputs!E16)/2) | F7: =Inputs!F6/((Inputs!F15+Inputs!F16)/2) | G7: =Inputs!G6/((Inputs!G15+Inputs!G16)/2) | H7: =Inputs!H6/((Inputs!H15+Inputs!H16)/2) | I7: =Inputs!I6/((Inputs!I15+Inputs!I16)/2) | ... K7: =Inputs!K6/((Inputs!K15+Inputs!K16)/2)
A8: DSO (วัน) | B8: =((Inputs!B7+Inputs!B8)/2)/Inputs!B2*365 | C8: =((Inputs!C7+Inputs!C8)/2)/Inputs!C2*365 | D8: =((Inputs!D7+Inputs!D8)/2)/Inputs!D2*365 | E8: =((Inputs!E7+Inputs!E8)/2)/Inputs!E2*365 | F8: =((Inputs!F7+Inputs!F8)/2)/Inputs!F2*365 | G8: =((Inputs!G7+Inputs!G8)/2)/Inputs!G2*365 | H8: =((Inputs!H7+Inputs!H8)/2)/Inputs!H2*365 | I8: =((Inputs!I7+Inputs!I8)/2)/Inputs!I2*365 | ... K8: =((Inputs!K7+Inputs!K8)/2)/Inputs!K2*365
A9: DIO (วัน) | B9: =((Inputs!B9+Inputs!B10)/2)/Inputs!B4*365 | C9: =((Inputs!C9+Inputs!C10)/2)/Inputs!C4*365 | D9: =((Inputs!D9+Inputs!D10)/2)/Inputs!D4*365 | E9: =((Inputs!E9+Inputs!E10)/2)/Inputs!E4*365 | F9: =((Inputs!F9+Inputs!F10)/2)/Inputs!F4*365 | G9: =((Inputs!G9+Inputs!G10)/2)/Inputs!G4*365 | H9: =((Inputs!H9+Inputs!H10)/2)/Inputs!H4*365 | I9: =((Inputs!I9+Inputs!I10)/2)/Inputs!I4*365 | ... K9: =((Inputs!K9+Inputs!K10)/2)/Inputs!K4*365
A10: DPO (วัน) | B10: =((Inputs!B11+Inputs!B12)/2)/Inputs!B4*365 | C10: =((Inputs!C11+Inputs!C12)/2)/Inputs!C4*365 | D10: =((Inputs!D11+Inputs!D12)/2)/Inputs!D4*365 | E10: =((Inputs!E11+Inputs!E12)/2)/Inputs!E4*365 | F10: =((Inputs!F11+Inputs!F12)/2)/Inputs!F4*365 | G10: =((Inputs!G11+Inputs!G12)/2)/Inputs!G4*365 | H10: =((Inputs!H11+Inputs!H12)/2)/Inputs!H4*365 | I10: =((Inputs!I11+Inputs!I12)/2)/Inputs!I4*365 | ... K10: =((Inputs!K11+Inputs!K12)/2)/Inputs!K4*365
A11: CCC (วัน) = DSO+DIO−DPO | B11: =B8+B9-B10 | C11: =C8+C9-C10 | D11: =D8+D9-D10 | E11: =E8+E9-E10 | F11: =F8+F9-F10 | G11: =G8+G9-G10 | H11: =H8+H9-H10 | I11: =I8+I9-I10 | ... K11: =K8+K9-K10
A12: D/E (เท่า) | B12: =Inputs!B17/Inputs!B16 | C12: =Inputs!C17/Inputs!C16 | D12: =Inputs!D17/Inputs!D16 | E12: =Inputs!E17/Inputs!E16 | F12: =Inputs!F17/Inputs!F16 | G12: =Inputs!G17/Inputs!G16 | H12: =Inputs!H17/Inputs!H16 | I12: =Inputs!I17/Inputs!I16 | ... K12: =Inputs!K17/Inputs!K16

Sheet อ่านอย่างไร
A1: ไฟล์นี้ = เวอร์ชัน 'ผูกสูตรสด' ของ ratios_report
A3: ชีต Inputs : ตัวเลขดิบจากงบตรวจสอบ (ช่องเหลือง) — แก้ได้ ถ้าแก้แล้วอัตราส่วนอัปเดตเอง
A4: ชีต Ratios : ทุกช่องเป็น =สูตร Excel สด ที่อ้างอิงกลับไปชีต Inputs (คลิกดูสูตรได้)
A6: สูตรที่ผูกไว้ (ฐาน CFA, ค่าเฉลี่ยงบดุลต้นปี-ปลายปี, 365 วัน):
A7: NPM = กำไรสุทธิ / รายได้รวม
A8: Gross Margin= (รายได้ดำเนินงาน − ต้นทุนขาย) / รายได้ดำเนินงาน [รายได้ดำเนินงาน = รายได้รวม − รายได้อื่น]
A9: ROA = กำไรสุทธิ / เฉลี่ย(สินทรัพย์รวม ต้นปี, ปลายปี)
A10: ROE = กำไรสุทธิ / เฉลี่ย(ส่วนของเจ้าของ ต้นปี, ปลายปี)
A11: DSO = เฉลี่ย(ลูกหนี้การค้า) / รายได้รวม × 365
A12: DIO = เฉลี่ย(สินค้าคงเหลือ) / ต้นทุนขาย × 365
A13: DPO = เฉลี่ย(เจ้าหนี้การค้า) / ต้นทุนขาย × 365
A14: CCC = DSO + DIO − DPO
... A18: (ไฟล์นั้นเป็นค่า hardcoded, ไฟล์นี้เป็นสูตรสดเพื่อตรวจสอบ/แก้ input ได้)
