Workbook

Sheet IS_Flow
A1: รายการ (ล้านบาท, 3 เดือน) | B1: Q1/2564 | C1: Q2/2564 | D1: Q3/2564 | E1: Q4/2564 | F1: FY2564 | G1: Q1/2565 | H1: Q2/2565 | I1: Q3/2565 | J1: Q4/2565 | K1: FY2565 | L1: Q1/2566 | M1: Q2/2566 | N1: Q3/2566 | O1: Q4/2566 | P1: FY2566 | Q1: Q1/2567 | R1: Q2/2567 | S1: Q3/2567 | T1: Q4/2567 | U1: FY2567 | V1: Q1/2568 | W1: Q2/2568 | X1: Q3/2568 | Y1: Q4/2568 | Z1: FY2568
A2: รายได้รวม | B2: 692.241 | C2: 837.966 | D2: 1433.64 | E2: =F2-B2-C2-D2 | F2: 4689.55 | G2: 1700.05 | H2: 2094.021 | I2: 2466.344 | J2: =K2-G2-H2-I2 | K2: 8824.288 | L2: 2576.759 | M2: 2318.612 | N2: 2495.846 | O2: =P2-L2-M2-N2 | P2: 10096.755 | Q2: 2781.537 | R2: 2527.774 | S2: 2538.71 | T2: =U2-Q2-R2-S2 | U2: 10558.246 | V2: 2649.224 | W2: 2431.997 | X2: 2604.449 | Y2: =Z2-V2-W2-X2 | Z2: 10411.173
A3: รายได้อื่น | B3: 148.477 | C3: 34.821 | D3: 12.028 | E3: =F3-B3-C3-D3 | F3: 177.096 | G3: 10.428 | H3: 22.688 | I3: 104.247 | J3: =K3-G3-H3-I3 | K3: 131.735 | L3: 32.486 | M3: 41.534 | N3: 95.017 | O3: =P3-L3-M3-N3 | P3: 395.675 | Q3: 38.763 | R3: 58.683 | S3: 5.019 | T3: =U3-Q3-R3-S3 | U3: 206 | V3: 27.131 | W3: 30.904 | X3: 26.163 | Y3: =Z3-V3-W3-X3 | Z3: 111.837
A4: ต้นทุนขาย (จริง) | B4: 566.057 | C4: 785.536 | D4: 1018.67 | E4: =F4-B4-C4-D4 | F4: 3595.957 | G4: 1258.798 | H4: 1427.143 | I4: 1528.194 | J4: =K4-G4-H4-I4 | K4: 5807.443 | L4: 1604.888 | M4: 1598.95 | N4: 1548.071 | O4: =P4-L4-M4-N4 | P4: 6326.417 | Q4: 1633.455 | R4: 1657.384 | S4: 1565.109 | T4: =U4-Q4-R4-S4 | U4: 6450.213 | V4: 1582.956 | W4: 1528.045 | X4: 1544.681 | Y4: =Z4-V4-W4-X4 | Z4: 6279.64
A5: กำไรสุทธิ (รวม) | B5: -310.898 | C5: -571.435 | D5: -281.861 | E5: =F5-B5-C5-D5 | F5: -1234.222 | G5: -204.086 | H5: -96.879 | I5: 207.484 | J5: =K5-G5-H5-I5 | K5: 14.382 | L5: 124.881 | M5: 3.004 | N5: 15.01 | O5: =P5-L5-M5-N5 | P5: 86.407 | Q5: 111.624 | R5: -71.592 | S5: -53.396 | T5: =U5-Q5-R5-S5 | U5: 133.934 | V5: 175.544 | W5: 24.22 | X5: 128.587 | Y5: =Z5-V5-W5-X5 | Z5: -1586.048
A6: กำไรสุทธิ (ส่วนแม่) | F6: =B6+C6+D6+E6 | K6: =G6+H6+I6+J6 | P6: =L6+M6+N6+O6 | U6: =Q6+R6+S6+T6 | Z6: =V6+W6+X6+Y6

Sheet BS_Timeline
A1: รายการ (ยอดคงเหลือ, ล้านบาท) | B1: 31-Dec-2563 | C1: 31-Mar-2564 | D1: 30-Jun-2564 | E1: 30-Sep-2564 | F1: 31-Dec-2564 | G1: 31-Mar-2565 | H1: 30-Jun-2565 | I1: 30-Sep-2565 | J1: 31-Dec-2565 | K1: 31-Mar-2566 | L1: 30-Jun-2566 | M1: 30-Sep-2566 | N1: 31-Dec-2566 | O1: 31-Mar-2567 | P1: 30-Jun-2567 | Q1: 30-Sep-2567 | R1: 31-Dec-2567 | S1: 31-Mar-2568 | T1: 30-Jun-2568 | U1: 30-Sep-2568 | V1: 31-Dec-2568
A2: ลูกหนี้การค้า | B2: 52.299 | C2: 113.022 | D2: 116.663 | E2: 212.509 | F2: 387.226 | G2: 392.217 | H2: 439.668 | I2: 464.506 | J2: 501.356 | K2: 437.075 | L2: 443.983 | M2: 386.003 | N2: 534.556 | O2: 480.556 | P2: 343.433 | Q2: 316.165 | R2: 475.753 | S2: 502.606 | T2: 331.082 | U2: 361.827 | V2: 406.258
A3: สินค้าคงเหลือ | B3: 175.762 | C3: 184.864 | D3: 165.008 | E3: 168.977 | F3: 197.777 | G3: 194.508 | H3: 205.79 | I3: 214.535 | J3: 228.506 | K3: 222.848 | L3: 233.082 | M3: 230.417 | N3: 230.951 | O3: 219.271 | P3: 220.927 | Q3: 199.997 | R3: 232.259 | S3: 223.595 | T3: 220.973 | U3: 231.174 | V3: 244.432
A4: เจ้าหนี้การค้า | B4: 587.285 | C4: 1434.284 | D4: 1311.748 | E4: 1503.368 | F4: 1634.569 | G4: 1603.991 | H4: 1687.776 | I4: 1535.406 | J4: 1710.634 | K4: 1726.671 | L4: 1764.509 | M4: 1719.383 | N4: 1666.948 | O4: 1545.236 | P4: 1017.739 | Q4: 934.721 | R4: 975.127 | S4: 865.016 | T4: 819.563 | U4: 807.788 | V4: 1009.863
A5: สินทรัพย์รวม | B5: 27117.268 | C5: 36754.953 | D5: 37165.42 | E5: 38408.151 | F5: 37214.118 | G5: 36458.411 | H5: 37047.483 | I5: 38433.024 | J5: 36449.599 | K5: 36139.858 | L5: 38010.378 | M5: 38311.374 | N5: 37722.704 | O5: 39325.93 | P5: 38844.783 | Q5: 35396.49 | R5: 36325.359 | S5: 36612.798 | T5: 35934.539 | U5: 35409.916 | V5: 33003.412
A6: ส่วนของเจ้าของรวม | B6: 15675.937 | C6: 15954.945 | D6: 15819.261 | E6: 16238.608 | F6: 15881.858 | G6: 15549.686 | H6: 15997.386 | I6: 17083.078 | J6: 16019.169 | K6: 15973.516 | L6: 16580.939 | M6: 16834.999 | N6: 16091.047 | O6: 17091.248 | P6: 17119.998 | Q6: 15365.781 | R6: 15925.838 | S6: 16235.452 | T6: 15859.504 | U6: 15649.4 | V6: 13373.217
A7: หนี้สินรวม | B7: 11441.331 | C7: 20800.008 | D7: 21346.159 | E7: 22169.543 | F7: 21332.26 | G7: 20908.725 | H7: 21050.097 | I7: 21349.946 | J7: 20430.43 | K7: 20166.342 | L7: 21429.439 | M7: 21476.375 | N7: 21631.656 | O7: 22234.682 | P7: 21724.785 | Q7: 20030.709 | R7: 20399.521 | S7: 20377.346 | T7: 20075.035 | U7: 19760.516 | V7: 19630.194

Sheet Ratios
A1: ตัวชี้วัด | B1: Q1/2564 | C1: Q2/2564 | D1: Q3/2564 | E1: Q4/2564 | F1: Q1/2565 | G1: Q2/2565 | H1: Q3/2565 | I1: Q4/2565 | J1: Q1/2566 | K1: Q2/2566 | L1: Q3/2566 | M1: Q4/2566 | N1: Q1/2567 | O1: Q2/2567 | P1: Q3/2567 | Q1: Q4/2567 | R1: Q1/2568 | S1: Q2/2568 | T1: Q3/2568 | U1: Q4/2568
A2: รายได้รวม (ล้านบาท) | B2: =IS_Flow!B2 | C2: =IS_Flow!C2 | D2: =IS_Flow!D2 | E2: =IS_Flow!E2 | F2: =IS_Flow!G2 | G2: =IS_Flow!H2 | H2: =IS_Flow!I2 | I2: =IS_Flow!J2 | J2: =IS_Flow!L2 | K2: =IS_Flow!M2 | L2: =IS_Flow!N2 | M2: =IS_Flow!O2 | N2: =IS_Flow!Q2 | O2: =IS_Flow!R2 | P2: =IS_Flow!S2 | Q2: =IS_Flow!T2 | R2: =IS_Flow!V2 | S2: =IS_Flow!W2 | T2: =IS_Flow!X2 | U2: =IS_Flow!Y2
A3: ต้นทุนขาย (ล้านบาท) | B3: =IS_Flow!B4 | C3: =IS_Flow!C4 | D3: =IS_Flow!D4 | E3: =IS_Flow!E4 | F3: =IS_Flow!G4 | G3: =IS_Flow!H4 | H3: =IS_Flow!I4 | I3: =IS_Flow!J4 | J3: =IS_Flow!L4 | K3: =IS_Flow!M4 | L3: =IS_Flow!N4 | M3: =IS_Flow!O4 | N3: =IS_Flow!Q4 | O3: =IS_Flow!R4 | P3: =IS_Flow!S4 | Q3: =IS_Flow!T4 | R3: =IS_Flow!V4 | S3: =IS_Flow!W4 | T3: =IS_Flow!X4 | U3: =IS_Flow!Y4
A4: กำไรสุทธิ (ล้านบาท) | B4: =IS_Flow!B5 | C4: =IS_Flow!C5 | D4: =IS_Flow!D5 | E4: =IS_Flow!E5 | F4: =IS_Flow!G5 | G4: =IS_Flow!H5 | H4: =IS_Flow!I5 | I4: =IS_Flow!J5 | J4: =IS_Flow!L5 | K4: =IS_Flow!M5 | L4: =IS_Flow!N5 | M4: =IS_Flow!O5 | N4: =IS_Flow!Q5 | O4: =IS_Flow!R5 | P4: =IS_Flow!S5 | Q4: =IS_Flow!T5 | R4: =IS_Flow!V5 | S4: =IS_Flow!W5 | T4: =IS_Flow!X5 | U4: =IS_Flow!Y5
A5: NPM (%) | B5: =IFERROR(IS_Flow!B5/IS_Flow!B2,"") | C5: =IFERROR(IS_Flow!C5/IS_Flow!C2,"") | D5: =IFERROR(IS_Flow!D5/IS_Flow!D2,"") | E5: =IFERROR(IS_Flow!E5/IS_Flow!E2,"") | F5: =IFERROR(IS_Flow!G5/IS_Flow!G2,"") | G5: =IFERROR(IS_Flow!H5/IS_Flow!H2,"") | H5: =IFERROR(IS_Flow!I5/IS_Flow!I2,"") | I5: =IFERROR(IS_Flow!J5/IS_Flow!J2,"") | J5: =IFERROR(IS_Flow!L5/IS_Flow!L2,"") | K5: =IFERROR(IS_Flow!M5/IS_Flow!M2,"") | L5: =IFERROR(IS_Flow!N5/IS_Flow!N2,"") | M5: =IFERROR(IS_Flow!O5/IS_Flow!O2,"") | N5: =IFERROR(IS_Flow!Q5/IS_Flow!Q2,"") | O5: =IFERROR(IS_Flow!R5/IS_Flow!R2,"") | P5: =IFERROR(IS_Flow!S5/IS_Flow!S2,"") | Q5: =IFERROR(IS_Flow!T5/IS_Flow!T2,"") | R5: =IFERROR(IS_Flow!V5/IS_Flow!V2,"") | S5: =IFERROR(IS_Flow!W5/IS_Flow!W2,"") | T5: =IFERROR(IS_Flow!X5/IS_Flow!X2,"") | U5: =IFERROR(IS_Flow!Y5/IS_Flow!Y2,"")
A6: Gross Margin (%) | B6: =IFERROR((IS_Flow!B2-IS_Flow!B3-IS_Flow!B4)/(IS_Flow!B2-IS_Flow!B3),"") | C6: =IFERROR((IS_Flow!C2-IS_Flow!C3-IS_Flow!C4)/(IS_Flow!C2-IS_Flow!C3),"") | D6: =IFERROR((IS_Flow!D2-IS_Flow!D3-IS_Flow!D4)/(IS_Flow!D2-IS_Flow!D3),"") | E6: =IFERROR((IS_Flow!E2-IS_Flow!E3-IS_Flow!E4)/(IS_Flow!E2-IS_Flow!E3),"") | F6: =IFERROR((IS_Flow!G2-IS_Flow!G3-IS_Flow!G4)/(IS_Flow!G2-IS_Flow!G3),"") | G6: =IFERROR((IS_Flow!H2-IS_Flow!H3-IS_Flow!H4)/(IS_Flow!H2-IS_Flow!H3),"") | H6: =IFERROR((IS_Flow!I2-IS_Flow!I3-IS_Flow!I4)/(IS_Flow!I2-IS_Flow!I3),"") | I6: =IFERROR((IS_Flow!J2-IS_Flow!J3-IS_Flow!J4)/(IS_Flow!J2-IS_Flow!J3),"") | J6: =IFERROR((IS_Flow!L2-IS_Flow!L3-IS_Flow!L4)/(IS_Flow!L2-IS_Flow!L3),"") | K6: =IFERROR((IS_Flow!M2-IS_Flow!M3-IS_Flow!M4)/(IS_Flow!M2-IS_Flow!M3),"") | L6: =IFERROR((IS_Flow!N2-IS_Flow!N3-IS_Flow!N4)/(IS_Flow!N2-IS_Flow!N3),"") | M6: =IFERROR((IS_Flow!O2-IS_Flow!O3-IS_Flow!O4)/(IS_Flow!O2-IS_Flow!O3),"") | N6: =IFERROR((IS_Flow!Q2-IS_Flow!Q3-IS_Flow!Q4)/(IS_Flow!Q2-IS_Flow!Q3),"") | O6: =IFERROR((IS_Flow!R2-IS_Flow!R3-IS_Flow!R4)/(IS_Flow!R2-IS_Flow!R3),"") | P6: =IFERROR((IS_Flow!S2-IS_Flow!S3-IS_Flow!S4)/(IS_Flow!S2-IS_Flow!S3),"") | Q6: =IFERROR((IS_Flow!T2-IS_Flow!T3-IS_Flow!T4)/(IS_Flow!T2-IS_Flow!T3),"") | R6: =IFERROR((IS_Flow!V2-IS_Flow!V3-IS_Flow!V4)/(IS_Flow!V2-IS_Flow!V3),"") | S6: =IFERROR((IS_Flow!W2-IS_Flow!W3-IS_Flow!W4)/(IS_Flow!W2-IS_Flow!W3),"") | T6: =IFERROR((IS_Flow!X2-IS_Flow!X3-IS_Flow!X4)/(IS_Flow!X2-IS_Flow!X3),"") | U6: =IFERROR((IS_Flow!Y2-IS_Flow!Y3-IS_Flow!Y4)/(IS_Flow!Y2-IS_Flow!Y3),"")
A7: DSO (วัน) | B7: =IFERROR(((BS_Timeline!B2+BS_Timeline!C2)/2)/IS_Flow!B2*90,"") | C7: =IFERROR(((BS_Timeline!C2+BS_Timeline!D2)/2)/IS_Flow!C2*91,"") | D7: =IFERROR(((BS_Timeline!D2+BS_Timeline!E2)/2)/IS_Flow!D2*92,"") | E7: =IFERROR(((BS_Timeline!E2+BS_Timeline!F2)/2)/IS_Flow!E2*92,"") | F7: =IFERROR(((BS_Timeline!F2+BS_Timeline!G2)/2)/IS_Flow!G2*90,"") | G7: =IFERROR(((BS_Timeline!G2+BS_Timeline!H2)/2)/IS_Flow!H2*91,"") | H7: =IFERROR(((BS_Timeline!H2+BS_Timeline!I2)/2)/IS_Flow!I2*92,"") | I7: =IFERROR(((BS_Timeline!I2+BS_Timeline!J2)/2)/IS_Flow!J2*92,"") | J7: =IFERROR(((BS_Timeline!J2+BS_Timeline!K2)/2)/IS_Flow!L2*90,"") | K7: =IFERROR(((BS_Timeline!K2+BS_Timeline!L2)/2)/IS_Flow!M2*91,"") | L7: =IFERROR(((BS_Timeline!L2+BS_Timeline!M2)/2)/IS_Flow!N2*92,"") | M7: =IFERROR(((BS_Timeline!M2+BS_Timeline!N2)/2)/IS_Flow!O2*92,"") | N7: =IFERROR(((BS_Timeline!N2+BS_Timeline!O2)/2)/IS_Flow!Q2*90,"") | O7: =IFERROR(((BS_Timeline!O2+BS_Timeline!P2)/2)/IS_Flow!R2*91,"") | P7: =IFERROR(((BS_Timeline!P2+BS_Timeline!Q2)/2)/IS_Flow!S2*92,"") | Q7: =IFERROR(((BS_Timeline!Q2+BS_Timeline!R2)/2)/IS_Flow!T2*92,"") | R7: =IFERROR(((BS_Timeline!R2+BS_Timeline!S2)/2)/IS_Flow!V2*90,"") | S7: =IFERROR(((BS_Timeline!S2+BS_Timeline!T2)/2)/IS_Flow!W2*91,"") | T7: =IFERROR(((BS_Timeline!T2+BS_Timeline!U2)/2)/IS_Flow!X2*92,"") | U7: =IFERROR(((BS_Timeline!U2+BS_Timeline!V2)/2)/IS_Flow!Y2*92,"")
A8: DIO (วัน) | B8: =IFERROR(((BS_Timeline!B3+BS_Timeline!C3)/2)/IS_Flow!B4*90,"") | C8: =IFERROR(((BS_Timeline!C3+BS_Timeline!D3)/2)/IS_Flow!C4*91,"") | D8: =IFERROR(((BS_Timeline!D3+BS_Timeline!E3)/2)/IS_Flow!D4*92,"") | E8: =IFERROR(((BS_Timeline!E3+BS_Timeline!F3)/2)/IS_Flow!E4*92,"") | F8: =IFERROR(((BS_Timeline!F3+BS_Timeline!G3)/2)/IS_Flow!G4*90,"") | G8: =IFERROR(((BS_Timeline!G3+BS_Timeline!H3)/2)/IS_Flow!H4*91,"") | H8: =IFERROR(((BS_Timeline!H3+BS_Timeline!I3)/2)/IS_Flow!I4*92,"") | I8: =IFERROR(((BS_Timeline!I3+BS_Timeline!J3)/2)/IS_Flow!J4*92,"") | J8: =IFERROR(((BS_Timeline!J3+BS_Timeline!K3)/2)/IS_Flow!L4*90,"") | K8: =IFERROR(((BS_Timeline!K3+BS_Timeline!L3)/2)/IS_Flow!M4*91,"") | L8: =IFERROR(((BS_Timeline!L3+BS_Timeline!M3)/2)/IS_Flow!N4*92,"") | M8: =IFERROR(((BS_Timeline!M3+BS_Timeline!N3)/2)/IS_Flow!O4*92,"") | N8: =IFERROR(((BS_Timeline!N3+BS_Timeline!O3)/2)/IS_Flow!Q4*90,"") | O8: =IFERROR(((BS_Timeline!O3+BS_Timeline!P3)/2)/IS_Flow!R4*91,"") | P8: =IFERROR(((BS_Timeline!P3+BS_Timeline!Q3)/2)/IS_Flow!S4*92,"") | Q8: =IFERROR(((BS_Timeline!Q3+BS_Timeline!R3)/2)/IS_Flow!T4*92,"") | R8: =IFERROR(((BS_Timeline!R3+BS_Timeline!S3)/2)/IS_Flow!V4*90,"") | S8: =IFERROR(((BS_Timeline!S3+BS_Timeline!T3)/2)/IS_Flow!W4*91,"") | T8: =IFERROR(((BS_Timeline!T3+BS_Timeline!U3)/2)/IS_Flow!X4*92,"") | U8: =IFERROR(((BS_Timeline!U3+BS_Timeline!V3)/2)/IS_Flow!Y4*92,"")
A9: DPO (วัน) | B9: =IFERROR(((BS_Timeline!B4+BS_Timeline!C4)/2)/IS_Flow!B4*90,"") | C9: =IFERROR(((BS_Timeline!C4+BS_Timeline!D4)/2)/IS_Flow!C4*91,"") | D9: =IFERROR(((BS_Timeline!D4+BS_Timeline!E4)/2)/IS_Flow!D4*92,"") | E9: =IFERROR(((BS_Timeline!E4+BS_Timeline!F4)/2)/IS_Flow!E4*92,"") | F9: =IFERROR(((BS_Timeline!F4+BS_Timeline!G4)/2)/IS_Flow!G4*90,"") | G9: =IFERROR(((BS_Timeline!G4+BS_Timeline!H4)/2)/IS_Flow!H4*91,"") | H9: =IFERROR(((BS_Timeline!H4+BS_Timeline!I4)/2)/IS_Flow!I4*92,"") | I9: =IFERROR(((BS_Timeline!I4+BS_Timeline!J4)/2)/IS_Flow!J4*92,"") | J9: =IFERROR(((BS_Timeline!J4+BS_Timeline!K4)/2)/IS_Flow!L4*90,"") | K9: =IFERROR(((BS_Timeline!K4+BS_Timeline!L4)/2)/IS_Flow!M4*91,"") | L9: =IFERROR(((BS_Timeline!L4+BS_Timeline!M4)/2)/IS_Flow!N4*92,"") | M9: =IFERROR(((BS_Timeline!M4+BS_Timeline!N4)/2)/IS_Flow!O4*92,"") | N9: =IFERROR(((BS_Timeline!N4+BS_Timeline!O4)/2)/IS_Flow!Q4*90,"") | O9: =IFERROR(((BS_Timeline!O4+BS_Timeline!P4)/2)/IS_Flow!R4*91,"") | P9: =IFERROR(((BS_Timeline!P4+BS_Timeline!Q4)/2)/IS_Flow!S4*92,"") | Q9: =IFERROR(((BS_Timeline!Q4+BS_Timeline!R4)/2)/IS_Flow!T4*92,"") | R9: =IFERROR(((BS_Timeline!R4+BS_Timeline!S4)/2)/IS_Flow!V4*90,"") | S9: =IFERROR(((BS_Timeline!S4+BS_Timeline!T4)/2)/IS_Flow!W4*91,"") | T9: =IFERROR(((BS_Timeline!T4+BS_Timeline!U4)/2)/IS_Flow!X4*92,"") | U9: =IFERROR(((BS_Timeline!U4+BS_Timeline!V4)/2)/IS_Flow!Y4*92,"")
A10: CCC (วัน) | B10: =IFERROR(B7+B8-B9,"") | C10: =IFERROR(C7+C8-C9,"") | D10: =IFERROR(D7+D8-D9,"") | E10: =IFERROR(E7+E8-E9,"") | F10: =IFERROR(F7+F8-F9,"") | G10: =IFERROR(G7+G8-G9,"") | H10: =IFERROR(H7+H8-H9,"") | I10: =IFERROR(I7+I8-I9,"") | ... U10: =IFERROR(U7+U8-U9,"")
A11: ROA รายไตรมาส (%) | B11: =IFERROR(IS_Flow!B5/((BS_Timeline!B5+BS_Timeline!C5)/2),"") | C11: =IFERROR(IS_Flow!C5/((BS_Timeline!C5+BS_Timeline!D5)/2),"") | D11: =IFERROR(IS_Flow!D5/((BS_Timeline!D5+BS_Timeline!E5)/2),"") | E11: =IFERROR(IS_Flow!E5/((BS_Timeline!E5+BS_Timeline!F5)/2),"") | F11: =IFERROR(IS_Flow!G5/((BS_Timeline!F5+BS_Timeline!G5)/2),"") | G11: =IFERROR(IS_Flow!H5/((BS_Timeline!G5+BS_Timeline!H5)/2),"") | H11: =IFERROR(IS_Flow!I5/((BS_Timeline!H5+BS_Timeline!I5)/2),"") | I11: =IFERROR(IS_Flow!J5/((BS_Timeline!I5+BS_Timeline!J5)/2),"") | J11: =IFERROR(IS_Flow!L5/((BS_Timeline!J5+BS_Timeline!K5)/2),"") | K11: =IFERROR(IS_Flow!M5/((BS_Timeline!K5+BS_Timeline!L5)/2),"") | L11: =IFERROR(IS_Flow!N5/((BS_Timeline!L5+BS_Timeline!M5)/2),"") | M11: =IFERROR(IS_Flow!O5/((BS_Timeline!M5+BS_Timeline!N5)/2),"") | N11: =IFERROR(IS_Flow!Q5/((BS_Timeline!N5+BS_Timeline!O5)/2),"") | O11: =IFERROR(IS_Flow!R5/((BS_Timeline!O5+BS_Timeline!P5)/2),"") | P11: =IFERROR(IS_Flow!S5/((BS_Timeline!P5+BS_Timeline!Q5)/2),"") | Q11: =IFERROR(IS_Flow!T5/((BS_Timeline!Q5+BS_Timeline!R5)/2),"") | R11: =IFERROR(IS_Flow!V5/((BS_Timeline!R5+BS_Timeline!S5)/2),"") | S11: =IFERROR(IS_Flow!W5/((BS_Timeline!S5+BS_Timeline!T5)/2),"") | T11: =IFERROR(IS_Flow!X5/((BS_Timeline!T5+BS_Timeline!U5)/2),"") | U11: =IFERROR(IS_Flow!Y5/((BS_Timeline!U5+BS_Timeline!V5)/2),"")
A12: ROE รายไตรมาส (%) | B12: =IFERROR(IS_Flow!B5/((BS_Timeline!B6+BS_Timeline!C6)/2),"") | C12: =IFERROR(IS_Flow!C5/((BS_Timeline!C6+BS_Timeline!D6)/2),"") | D12: =IFERROR(IS_Flow!D5/((BS_Timeline!D6+BS_Timeline!E6)/2),"") | E12: =IFERROR(IS_Flow!E5/((BS_Timeline!E6+BS_Timeline!F6)/2),"") | F12: =IFERROR(IS_Flow!G5/((BS_Timeline!F6+BS_Timeline!G6)/2),"") | G12: =IFERROR(IS_Flow!H5/((BS_Timeline!G6+BS_Timeline!H6)/2),"") | H12: =IFERROR(IS_Flow!I5/((BS_Timeline!H6+BS_Timeline!I6)/2),"") | I12: =IFERROR(IS_Flow!J5/((BS_Timeline!I6+BS_Timeline!J6)/2),"") | J12: =IFERROR(IS_Flow!L5/((BS_Timeline!J6+BS_Timeline!K6)/2),"") | K12: =IFERROR(IS_Flow!M5/((BS_Timeline!K6+BS_Timeline!L6)/2),"") | L12: =IFERROR(IS_Flow!N5/((BS_Timeline!L6+BS_Timeline!M6)/2),"") | M12: =IFERROR(IS_Flow!O5/((BS_Timeline!M6+BS_Timeline!N6)/2),"") | N12: =IFERROR(IS_Flow!Q5/((BS_Timeline!N6+BS_Timeline!O6)/2),"") | O12: =IFERROR(IS_Flow!R5/((BS_Timeline!O6+BS_Timeline!P6)/2),"") | P12: =IFERROR(IS_Flow!S5/((BS_Timeline!P6+BS_Timeline!Q6)/2),"") | Q12: =IFERROR(IS_Flow!T5/((BS_Timeline!Q6+BS_Timeline!R6)/2),"") | R12: =IFERROR(IS_Flow!V5/((BS_Timeline!R6+BS_Timeline!S6)/2),"") | S12: =IFERROR(IS_Flow!W5/((BS_Timeline!S6+BS_Timeline!T6)/2),"") | T12: =IFERROR(IS_Flow!X5/((BS_Timeline!T6+BS_Timeline!U6)/2),"") | U12: =IFERROR(IS_Flow!Y5/((BS_Timeline!U6+BS_Timeline!V6)/2),"")
A13: D/E (เท่า) | B13: =IFERROR(BS_Timeline!C7/BS_Timeline!C6,"") | C13: =IFERROR(BS_Timeline!D7/BS_Timeline!D6,"") | D13: =IFERROR(BS_Timeline!E7/BS_Timeline!E6,"") | E13: =IFERROR(BS_Timeline!F7/BS_Timeline!F6,"") | F13: =IFERROR(BS_Timeline!G7/BS_Timeline!G6,"") | G13: =IFERROR(BS_Timeline!H7/BS_Timeline!H6,"") | H13: =IFERROR(BS_Timeline!I7/BS_Timeline!I6,"") | I13: =IFERROR(BS_Timeline!J7/BS_Timeline!J6,"") | ... U13: =IFERROR(BS_Timeline!V7/BS_Timeline!V6,"")

Sheet Notes
A1: SHR — สมุดงานสูตรสด 5 ปี × 4 ไตรมาส (ฐาน CFA)
A3: สีของช่อง: เหลือง = ช่องเติมตัวเลขดิบ (แก้ได้) เขียว = สูตรสด ส้ม = Q4 (=FY−Q1−Q2−Q3)
A5: แหล่งข้อมูล: งบการเงินที่ตลาดหลักทรัพย์เผยแพร่ (งบกำไรขาดทุน 3 เดือน + งบฐานะการเงิน)
A6: ไตรมาสที่มีข้อมูลจริงแล้ว: Q1/2564, Q2/2564, Q3/2564, FY/2564, Q1/2565, Q2/2565, Q3/2565, FY/2565, Q1/2566, Q2/2566, Q3/2566, FY/2566, Q1/2567, Q2/2567, Q3/2567, FY/2567, Q1/2568, Q2/2568, Q3/2568, FY/2568
A7: ไตรมาสอื่น = ช่องเหลืองรอเติม; เติมใน IS_Flow / BS_Timeline แล้ว Ratios คำนวณเอง
A9: สูตร (ฐาน CFA, ค่าเฉลี่ยงบดุลแบบ chain ปลายไตรมาสก่อน→ปลายไตรมาสนี้, วันตามจริง 90/91/92/92):
A10: NPM = กำไรสุทธิ / รายได้รวม
A11: Gross Margin = (รายได้ดำเนินงาน − ต้นทุนขาย) / รายได้ดำเนินงาน [รายได้ดำเนินงาน = รายได้รวม − รายได้อื่น]
A12: DSO = เฉลี่ยลูกหนี้การค้า / รายได้รวม × วัน
A13: DIO = เฉลี่ยสินค้าคงเหลือ / ต้นทุนขาย × วัน
A14: DPO = เฉลี่ยเจ้าหนี้การค้า / ต้นทุนขาย × วัน
A15: CCC = DSO + DIO − DPO
... A21: ไตรมาสต่อเนื่อง เพื่อให้ค่าเฉลี่ยของไตรมาส n = (ปลายไตรมาส n−1 + ปลายไตรมาส n)/2 ถูกต้อง
