Workbook

Sheet Summary_FY
A1: อัตราส่วนรายปี FY2568 — ฐาน CFA (=สูตรสด อ้าง FY_Inputs)
A2: อัตราส่วน | B2: ASIA | C2: CENTEL | D2: DUSIT | E2: ERW | F2: MANRIN | G2: MINT | H2: OHTL | I2: SHANG | J2: SHR | K2: VRANDA
A3: NPM (%) | B3: =IFERROR(FY_Inputs!B6/FY_Inputs!B3,"") | C3: =IFERROR(FY_Inputs!C6/FY_Inputs!C3,"") | D3: =IFERROR(FY_Inputs!D6/FY_Inputs!D3,"") | E3: =IFERROR(FY_Inputs!E6/FY_Inputs!E3,"") | F3: =IFERROR(FY_Inputs!F6/FY_Inputs!F3,"") | G3: =IFERROR(FY_Inputs!G6/FY_Inputs!G3,"") | H3: =IFERROR(FY_Inputs!H6/FY_Inputs!H3,"") | I3: =IFERROR(FY_Inputs!I6/FY_Inputs!I3,"") | ... K3: =IFERROR(FY_Inputs!K6/FY_Inputs!K3,"")
A4: Gross Margin (%) | B4: =IFERROR(((FY_Inputs!B3-FY_Inputs!B4)-FY_Inputs!B5)/(FY_Inputs!B3-FY_Inputs!B4),"") | C4: =IFERROR(((FY_Inputs!C3-FY_Inputs!C4)-FY_Inputs!C5)/(FY_Inputs!C3-FY_Inputs!C4),"") | D4: =IFERROR(((FY_Inputs!D3-FY_Inputs!D4)-FY_Inputs!D5)/(FY_Inputs!D3-FY_Inputs!D4),"") | E4: =IFERROR(((FY_Inputs!E3-FY_Inputs!E4)-FY_Inputs!E5)/(FY_Inputs!E3-FY_Inputs!E4),"") | F4: =IFERROR(((FY_Inputs!F3-FY_Inputs!F4)-FY_Inputs!F5)/(FY_Inputs!F3-FY_Inputs!F4),"") | G4: =IFERROR(((FY_Inputs!G3-FY_Inputs!G4)-FY_Inputs!G5)/(FY_Inputs!G3-FY_Inputs!G4),"") | H4: =IFERROR(((FY_Inputs!H3-FY_Inputs!H4)-FY_Inputs!H5)/(FY_Inputs!H3-FY_Inputs!H4),"") | I4: =IFERROR(((FY_Inputs!I3-FY_Inputs!I4)-FY_Inputs!I5)/(FY_Inputs!I3-FY_Inputs!I4),"") | ... K4: =IFERROR(((FY_Inputs!K3-FY_Inputs!K4)-FY_Inputs!K5)/(FY_Inputs!K3-FY_Inputs!K4),"")
A5: ROA (%) | B5: =IFERROR(FY_Inputs!B6/((FY_Inputs!B14+FY_Inputs!B15)/2),"") | C5: =IFERROR(FY_Inputs!C6/((FY_Inputs!C14+FY_Inputs!C15)/2),"") | D5: =IFERROR(FY_Inputs!D6/((FY_Inputs!D14+FY_Inputs!D15)/2),"") | E5: =IFERROR(FY_Inputs!E6/((FY_Inputs!E14+FY_Inputs!E15)/2),"") | F5: =IFERROR(FY_Inputs!F6/((FY_Inputs!F14+FY_Inputs!F15)/2),"") | G5: =IFERROR(FY_Inputs!G6/((FY_Inputs!G14+FY_Inputs!G15)/2),"") | H5: =IFERROR(FY_Inputs!H6/((FY_Inputs!H14+FY_Inputs!H15)/2),"") | I5: =IFERROR(FY_Inputs!I6/((FY_Inputs!I14+FY_Inputs!I15)/2),"") | ... K5: =IFERROR(FY_Inputs!K6/((FY_Inputs!K14+FY_Inputs!K15)/2),"")
A6: ROE รวม (%) | B6: =IFERROR(FY_Inputs!B6/((FY_Inputs!B16+FY_Inputs!B17)/2),"") | C6: =IFERROR(FY_Inputs!C6/((FY_Inputs!C16+FY_Inputs!C17)/2),"") | D6: =IFERROR(FY_Inputs!D6/((FY_Inputs!D16+FY_Inputs!D17)/2),"") | E6: =IFERROR(FY_Inputs!E6/((FY_Inputs!E16+FY_Inputs!E17)/2),"") | F6: =IFERROR(FY_Inputs!F6/((FY_Inputs!F16+FY_Inputs!F17)/2),"") | G6: =IFERROR(FY_Inputs!G6/((FY_Inputs!G16+FY_Inputs!G17)/2),"") | H6: =IFERROR(FY_Inputs!H6/((FY_Inputs!H16+FY_Inputs!H17)/2),"") | I6: =IFERROR(FY_Inputs!I6/((FY_Inputs!I16+FY_Inputs!I17)/2),"") | ... K6: =IFERROR(FY_Inputs!K6/((FY_Inputs!K16+FY_Inputs!K17)/2),"")
A7: ROE ส่วนแม่ (%) | B7: =IFERROR(FY_Inputs!B7/((FY_Inputs!B16+FY_Inputs!B17)/2),"") | C7: =IFERROR(FY_Inputs!C7/((FY_Inputs!C16+FY_Inputs!C17)/2),"") | D7: =IFERROR(FY_Inputs!D7/((FY_Inputs!D16+FY_Inputs!D17)/2),"") | E7: =IFERROR(FY_Inputs!E7/((FY_Inputs!E16+FY_Inputs!E17)/2),"") | F7: =IFERROR(FY_Inputs!F7/((FY_Inputs!F16+FY_Inputs!F17)/2),"") | G7: =IFERROR(FY_Inputs!G7/((FY_Inputs!G16+FY_Inputs!G17)/2),"") | H7: =IFERROR(FY_Inputs!H7/((FY_Inputs!H16+FY_Inputs!H17)/2),"") | I7: =IFERROR(FY_Inputs!I7/((FY_Inputs!I16+FY_Inputs!I17)/2),"") | ... K7: =IFERROR(FY_Inputs!K7/((FY_Inputs!K16+FY_Inputs!K17)/2),"")
A8: DSO (วัน) | B8: =IFERROR(((FY_Inputs!B8+FY_Inputs!B9)/2)/FY_Inputs!B3*365,"") | C8: =IFERROR(((FY_Inputs!C8+FY_Inputs!C9)/2)/FY_Inputs!C3*365,"") | D8: =IFERROR(((FY_Inputs!D8+FY_Inputs!D9)/2)/FY_Inputs!D3*365,"") | E8: =IFERROR(((FY_Inputs!E8+FY_Inputs!E9)/2)/FY_Inputs!E3*365,"") | F8: =IFERROR(((FY_Inputs!F8+FY_Inputs!F9)/2)/FY_Inputs!F3*365,"") | G8: =IFERROR(((FY_Inputs!G8+FY_Inputs!G9)/2)/FY_Inputs!G3*365,"") | H8: =IFERROR(((FY_Inputs!H8+FY_Inputs!H9)/2)/FY_Inputs!H3*365,"") | I8: =IFERROR(((FY_Inputs!I8+FY_Inputs!I9)/2)/FY_Inputs!I3*365,"") | ... K8: =IFERROR(((FY_Inputs!K8+FY_Inputs!K9)/2)/FY_Inputs!K3*365,"")
A9: DIO (วัน) | B9: =IFERROR(((FY_Inputs!B10+FY_Inputs!B11)/2)/FY_Inputs!B5*365,"") | C9: =IFERROR(((FY_Inputs!C10+FY_Inputs!C11)/2)/FY_Inputs!C5*365,"") | D9: =IFERROR(((FY_Inputs!D10+FY_Inputs!D11)/2)/FY_Inputs!D5*365,"") | E9: =IFERROR(((FY_Inputs!E10+FY_Inputs!E11)/2)/FY_Inputs!E5*365,"") | F9: =IFERROR(((FY_Inputs!F10+FY_Inputs!F11)/2)/FY_Inputs!F5*365,"") | G9: =IFERROR(((FY_Inputs!G10+FY_Inputs!G11)/2)/FY_Inputs!G5*365,"") | H9: =IFERROR(((FY_Inputs!H10+FY_Inputs!H11)/2)/FY_Inputs!H5*365,"") | I9: =IFERROR(((FY_Inputs!I10+FY_Inputs!I11)/2)/FY_Inputs!I5*365,"") | ... K9: =IFERROR(((FY_Inputs!K10+FY_Inputs!K11)/2)/FY_Inputs!K5*365,"")
A10: DPO (วัน) | B10: =IFERROR(((FY_Inputs!B12+FY_Inputs!B13)/2)/FY_Inputs!B5*365,"") | C10: =IFERROR(((FY_Inputs!C12+FY_Inputs!C13)/2)/FY_Inputs!C5*365,"") | D10: =IFERROR(((FY_Inputs!D12+FY_Inputs!D13)/2)/FY_Inputs!D5*365,"") | E10: =IFERROR(((FY_Inputs!E12+FY_Inputs!E13)/2)/FY_Inputs!E5*365,"") | F10: =IFERROR(((FY_Inputs!F12+FY_Inputs!F13)/2)/FY_Inputs!F5*365,"") | G10: =IFERROR(((FY_Inputs!G12+FY_Inputs!G13)/2)/FY_Inputs!G5*365,"") | H10: =IFERROR(((FY_Inputs!H12+FY_Inputs!H13)/2)/FY_Inputs!H5*365,"") | I10: =IFERROR(((FY_Inputs!I12+FY_Inputs!I13)/2)/FY_Inputs!I5*365,"") | ... K10: =IFERROR(((FY_Inputs!K12+FY_Inputs!K13)/2)/FY_Inputs!K5*365,"")
A11: CCC (วัน) | B11: =IFERROR(B8+B9-B10,"") | C11: =IFERROR(C8+C9-C10,"") | D11: =IFERROR(D8+D9-D10,"") | E11: =IFERROR(E8+E9-E10,"") | F11: =IFERROR(F8+F9-F10,"") | G11: =IFERROR(G8+G9-G10,"") | H11: =IFERROR(H8+H9-H10,"") | I11: =IFERROR(I8+I9-I10,"") | ... K11: =IFERROR(K8+K9-K10,"")
A12: D/E (เท่า) | B12: =IFERROR(FY_Inputs!B18/FY_Inputs!B17,"") | C12: =IFERROR(FY_Inputs!C18/FY_Inputs!C17,"") | D12: =IFERROR(FY_Inputs!D18/FY_Inputs!D17,"") | E12: =IFERROR(FY_Inputs!E18/FY_Inputs!E17,"") | F12: =IFERROR(FY_Inputs!F18/FY_Inputs!F17,"") | G12: =IFERROR(FY_Inputs!G18/FY_Inputs!G17,"") | H12: =IFERROR(FY_Inputs!H18/FY_Inputs!H17,"") | I12: =IFERROR(FY_Inputs!I18/FY_Inputs!I17,"") | ... K12: =IFERROR(FY_Inputs!K18/FY_Inputs!K17,"")

Sheet FY_Inputs
A1: ตัวเลขดิบรายปี FY2568 (ล้านบาท) — ช่องเหลืองแก้ได้
A2: รายการ | B2: ASIA | C2: CENTEL | D2: DUSIT | E2: ERW | F2: MANRIN | G2: MINT | H2: OHTL | I2: SHANG | J2: SHR | K2: VRANDA
A3: รายได้รวม (FY) | B3: 1364.564 | C3: 25050.93 | D3: 8923.997 | E3: 7937.392 | F3: 363.247 | G3: 165804.71 | H3: 2524.941 | I3: 2153.389 | J3: 10411.173 | K3: 1577.181
A4: รายได้อื่น (FY) | B4: 80.027 | C4: 1096.979 | D4: 1013.082 | E4: 25.178 | F4: 1.015 | G4: 4275.181 | H4: 2.68 | I4: 20.237 | J4: 111.837 | K4: 46.964
A5: ต้นทุนขาย (FY) | B5: 942.602 | C5: 13356.611 | D5: 5378.316 | E5: 3265.028 | F5: 213.736 | G5: 86221.785 | H5: 1332.588 | I5: 695.217 | J5: 6279.64 | K5: 866.224
A6: กำไรสุทธิ (รวมส่วนได้เสียไม่มีอำนาจควบคุม) | B6: -3.355 | C6: 1964.146 | D6: -470.835 | E6: 904.756 | F6: 39.818 | G6: 9839.333 | H6: 313.694 | I6: 240.904 | J6: -1586.048 | K6: 100.784
A7: กำไรสุทธิ (ส่วนของผู้ถือหุ้นบริษัทใหญ่) | B7: -1.129 | C7: 1992.902 | D7: -453.313 | E7: 838.085 | F7: 39.818 | G7: 9009.342 | H7: 313.694 | I7: 240.912 | J7: -1586.048 | K7: 100.784
A8: ลูกหนี้การค้า — ต้นปี | B8: 87.279 | C8: 1207.737 | D8: 1145.08 | E8: 222.438 | F8: 13.217 | G8: 13970.341 | H8: 84.202 | I8: 80.064 | J8: 475.753 | K8: 55.427
A9: ลูกหนี้การค้า — ปลายปี | B9: 90.573 | C9: 961.72 | D9: 1482.137 | E9: 232.438 | F9: 10.615 | G9: 15911.602 | H9: 107.373 | I9: 90.013 | J9: 406.258 | K9: 52.939
A10: สินค้าคงเหลือ — ต้นปี | B10: 46.247 | C10: 904.759 | D10: 130.736 | E10: 42.817 | F10: 1.626 | G10: 3917.636 | H10: 28.86 | I10: 28.732 | J10: 232.259 | K10: 16.851
A11: สินค้าคงเหลือ — ปลายปี | B11: 46.002 | C11: 868.216 | D11: 133.654 | E11: 40.396 | F11: 1.637 | G11: 3921.48 | H11: 36.342 | I11: 27.883 | J11: 244.432 | K11: 20.38
A12: เจ้าหนี้การค้า — ต้นปี | B12: 140.797 | C12: 4423.239 | D12: 1909.206 | E12: 266.009 | F12: 40.06 | G12: 24414.611 | H12: 374.801 | I12: 234.957 | J12: 975.128 | K12: 440.911
A13: เจ้าหนี้การค้า — ปลายปี | B13: 150.322 | C13: 3929.778 | D13: 2068.782 | E13: 257.323 | F13: 30.444 | G13: 25606.359 | H13: 598.642 | I13: 259.24 | J13: 1009.863 | K13: 238.739
A14: สินทรัพย์รวม — ต้นปี | B14: 10140.751 | C14: 60760.633 | D14: 38270.77 | E14: 26246.078 | F14: 691.668 | G14: 346844.93 | H14: 5742.7 | I14: 8067.434 | J14: 36325.359 | K14: 5614.758
... A18: หนี้สินรวม — ปลายปี | B18: 4423.187 | C18: 40113.547 | D18: 31460.24 | E18: 16672.762 | F18: 168.877 | G18: 260344.01 | H18: 3250.326 | I18: 752.882 | J18: 19630.194 | K18: 3875.886

Sheet Quarterly_Ratios
A1: ตัวชี้วัด | B1: Q1/2564 | C1: Q2/2564 | D1: Q3/2564 | E1: Q4/2564 | F1: Q1/2565 | G1: Q2/2565 | H1: Q3/2565 | I1: Q4/2565 | J1: Q1/2566 | K1: Q2/2566 | L1: Q3/2566 | M1: Q4/2566 | N1: Q1/2567 | O1: Q2/2567 | P1: Q3/2567 | Q1: Q4/2567 | R1: Q1/2568 | S1: Q2/2568 | T1: Q3/2568 | U1: Q4/2568
A2: ■ ASIA
A3: รายได้รวม (ล้านบาท) | B3: =IS_Flow!B3 | C3: =IS_Flow!C3 | D3: =IS_Flow!D3 | E3: =IS_Flow!E3 | F3: =IS_Flow!G3 | G3: =IS_Flow!H3 | H3: =IS_Flow!I3 | I3: =IS_Flow!J3 | J3: =IS_Flow!L3 | K3: =IS_Flow!M3 | L3: =IS_Flow!N3 | M3: =IS_Flow!O3 | N3: =IS_Flow!Q3 | O3: =IS_Flow!R3 | P3: =IS_Flow!S3 | Q3: =IS_Flow!T3 | R3: =IS_Flow!V3 | S3: =IS_Flow!W3 | T3: =IS_Flow!X3 | U3: =IS_Flow!Y3
A4: ต้นทุนขาย (ล้านบาท) | B4: =IS_Flow!B5 | C4: =IS_Flow!C5 | D4: =IS_Flow!D5 | E4: =IS_Flow!E5 | F4: =IS_Flow!G5 | G4: =IS_Flow!H5 | H4: =IS_Flow!I5 | I4: =IS_Flow!J5 | J4: =IS_Flow!L5 | K4: =IS_Flow!M5 | L4: =IS_Flow!N5 | M4: =IS_Flow!O5 | N4: =IS_Flow!Q5 | O4: =IS_Flow!R5 | P4: =IS_Flow!S5 | Q4: =IS_Flow!T5 | R4: =IS_Flow!V5 | S4: =IS_Flow!W5 | T4: =IS_Flow!X5 | U4: =IS_Flow!Y5
A5: กำไรสุทธิ (ล้านบาท) | B5: =IS_Flow!B6 | C5: =IS_Flow!C6 | D5: =IS_Flow!D6 | E5: =IS_Flow!E6 | F5: =IS_Flow!G6 | G5: =IS_Flow!H6 | H5: =IS_Flow!I6 | I5: =IS_Flow!J6 | J5: =IS_Flow!L6 | K5: =IS_Flow!M6 | L5: =IS_Flow!N6 | M5: =IS_Flow!O6 | N5: =IS_Flow!Q6 | O5: =IS_Flow!R6 | P5: =IS_Flow!S6 | Q5: =IS_Flow!T6 | R5: =IS_Flow!V6 | S5: =IS_Flow!W6 | T5: =IS_Flow!X6 | U5: =IS_Flow!Y6
A6: NPM (%) | B6: =IFERROR(IS_Flow!B6/IS_Flow!B3,"") | C6: =IFERROR(IS_Flow!C6/IS_Flow!C3,"") | D6: =IFERROR(IS_Flow!D6/IS_Flow!D3,"") | E6: =IFERROR(IS_Flow!E6/IS_Flow!E3,"") | F6: =IFERROR(IS_Flow!G6/IS_Flow!G3,"") | G6: =IFERROR(IS_Flow!H6/IS_Flow!H3,"") | H6: =IFERROR(IS_Flow!I6/IS_Flow!I3,"") | I6: =IFERROR(IS_Flow!J6/IS_Flow!J3,"") | J6: =IFERROR(IS_Flow!L6/IS_Flow!L3,"") | K6: =IFERROR(IS_Flow!M6/IS_Flow!M3,"") | L6: =IFERROR(IS_Flow!N6/IS_Flow!N3,"") | M6: =IFERROR(IS_Flow!O6/IS_Flow!O3,"") | N6: =IFERROR(IS_Flow!Q6/IS_Flow!Q3,"") | O6: =IFERROR(IS_Flow!R6/IS_Flow!R3,"") | P6: =IFERROR(IS_Flow!S6/IS_Flow!S3,"") | Q6: =IFERROR(IS_Flow!T6/IS_Flow!T3,"") | R6: =IFERROR(IS_Flow!V6/IS_Flow!V3,"") | S6: =IFERROR(IS_Flow!W6/IS_Flow!W3,"") | T6: =IFERROR(IS_Flow!X6/IS_Flow!X3,"") | U6: =IFERROR(IS_Flow!Y6/IS_Flow!Y3,"")
A7: Gross Margin (%) | B7: =IFERROR((IS_Flow!B3-IS_Flow!B4-IS_Flow!B5)/(IS_Flow!B3-IS_Flow!B4),"") | C7: =IFERROR((IS_Flow!C3-IS_Flow!C4-IS_Flow!C5)/(IS_Flow!C3-IS_Flow!C4),"") | D7: =IFERROR((IS_Flow!D3-IS_Flow!D4-IS_Flow!D5)/(IS_Flow!D3-IS_Flow!D4),"") | E7: =IFERROR((IS_Flow!E3-IS_Flow!E4-IS_Flow!E5)/(IS_Flow!E3-IS_Flow!E4),"") | F7: =IFERROR((IS_Flow!G3-IS_Flow!G4-IS_Flow!G5)/(IS_Flow!G3-IS_Flow!G4),"") | G7: =IFERROR((IS_Flow!H3-IS_Flow!H4-IS_Flow!H5)/(IS_Flow!H3-IS_Flow!H4),"") | H7: =IFERROR((IS_Flow!I3-IS_Flow!I4-IS_Flow!I5)/(IS_Flow!I3-IS_Flow!I4),"") | I7: =IFERROR((IS_Flow!J3-IS_Flow!J4-IS_Flow!J5)/(IS_Flow!J3-IS_Flow!J4),"") | J7: =IFERROR((IS_Flow!L3-IS_Flow!L4-IS_Flow!L5)/(IS_Flow!L3-IS_Flow!L4),"") | K7: =IFERROR((IS_Flow!M3-IS_Flow!M4-IS_Flow!M5)/(IS_Flow!M3-IS_Flow!M4),"") | L7: =IFERROR((IS_Flow!N3-IS_Flow!N4-IS_Flow!N5)/(IS_Flow!N3-IS_Flow!N4),"") | M7: =IFERROR((IS_Flow!O3-IS_Flow!O4-IS_Flow!O5)/(IS_Flow!O3-IS_Flow!O4),"") | N7: =IFERROR((IS_Flow!Q3-IS_Flow!Q4-IS_Flow!Q5)/(IS_Flow!Q3-IS_Flow!Q4),"") | O7: =IFERROR((IS_Flow!R3-IS_Flow!R4-IS_Flow!R5)/(IS_Flow!R3-IS_Flow!R4),"") | P7: =IFERROR((IS_Flow!S3-IS_Flow!S4-IS_Flow!S5)/(IS_Flow!S3-IS_Flow!S4),"") | Q7: =IFERROR((IS_Flow!T3-IS_Flow!T4-IS_Flow!T5)/(IS_Flow!T3-IS_Flow!T4),"") | R7: =IFERROR((IS_Flow!V3-IS_Flow!V4-IS_Flow!V5)/(IS_Flow!V3-IS_Flow!V4),"") | S7: =IFERROR((IS_Flow!W3-IS_Flow!W4-IS_Flow!W5)/(IS_Flow!W3-IS_Flow!W4),"") | T7: =IFERROR((IS_Flow!X3-IS_Flow!X4-IS_Flow!X5)/(IS_Flow!X3-IS_Flow!X4),"") | U7: =IFERROR((IS_Flow!Y3-IS_Flow!Y4-IS_Flow!Y5)/(IS_Flow!Y3-IS_Flow!Y4),"")
A8: DSO (วัน) | B8: =IFERROR(((BS_Timeline!B3+BS_Timeline!C3)/2)/IS_Flow!B3*90,"") | C8: =IFERROR(((BS_Timeline!C3+BS_Timeline!D3)/2)/IS_Flow!C3*91,"") | D8: =IFERROR(((BS_Timeline!D3+BS_Timeline!E3)/2)/IS_Flow!D3*92,"") | E8: =IFERROR(((BS_Timeline!E3+BS_Timeline!F3)/2)/IS_Flow!E3*92,"") | F8: =IFERROR(((BS_Timeline!F3+BS_Timeline!G3)/2)/IS_Flow!G3*90,"") | G8: =IFERROR(((BS_Timeline!G3+BS_Timeline!H3)/2)/IS_Flow!H3*91,"") | H8: =IFERROR(((BS_Timeline!H3+BS_Timeline!I3)/2)/IS_Flow!I3*92,"") | I8: =IFERROR(((BS_Timeline!I3+BS_Timeline!J3)/2)/IS_Flow!J3*92,"") | J8: =IFERROR(((BS_Timeline!J3+BS_Timeline!K3)/2)/IS_Flow!L3*90,"") | K8: =IFERROR(((BS_Timeline!K3+BS_Timeline!L3)/2)/IS_Flow!M3*91,"") | L8: =IFERROR(((BS_Timeline!L3+BS_Timeline!M3)/2)/IS_Flow!N3*92,"") | M8: =IFERROR(((BS_Timeline!M3+BS_Timeline!N3)/2)/IS_Flow!O3*92,"") | N8: =IFERROR(((BS_Timeline!N3+BS_Timeline!O3)/2)/IS_Flow!Q3*90,"") | O8: =IFERROR(((BS_Timeline!O3+BS_Timeline!P3)/2)/IS_Flow!R3*91,"") | P8: =IFERROR(((BS_Timeline!P3+BS_Timeline!Q3)/2)/IS_Flow!S3*92,"") | Q8: =IFERROR(((BS_Timeline!Q3+BS_Timeline!R3)/2)/IS_Flow!T3*92,"") | R8: =IFERROR(((BS_Timeline!R3+BS_Timeline!S3)/2)/IS_Flow!V3*90,"") | S8: =IFERROR(((BS_Timeline!S3+BS_Timeline!T3)/2)/IS_Flow!W3*91,"") | T8: =IFERROR(((BS_Timeline!T3+BS_Timeline!U3)/2)/IS_Flow!X3*92,"") | U8: =IFERROR(((BS_Timeline!U3+BS_Timeline!V3)/2)/IS_Flow!Y3*92,"")
A9: DIO (วัน) | B9: =IFERROR(((BS_Timeline!B4+BS_Timeline!C4)/2)/IS_Flow!B5*90,"") | C9: =IFERROR(((BS_Timeline!C4+BS_Timeline!D4)/2)/IS_Flow!C5*91,"") | D9: =IFERROR(((BS_Timeline!D4+BS_Timeline!E4)/2)/IS_Flow!D5*92,"") | E9: =IFERROR(((BS_Timeline!E4+BS_Timeline!F4)/2)/IS_Flow!E5*92,"") | F9: =IFERROR(((BS_Timeline!F4+BS_Timeline!G4)/2)/IS_Flow!G5*90,"") | G9: =IFERROR(((BS_Timeline!G4+BS_Timeline!H4)/2)/IS_Flow!H5*91,"") | H9: =IFERROR(((BS_Timeline!H4+BS_Timeline!I4)/2)/IS_Flow!I5*92,"") | I9: =IFERROR(((BS_Timeline!I4+BS_Timeline!J4)/2)/IS_Flow!J5*92,"") | J9: =IFERROR(((BS_Timeline!J4+BS_Timeline!K4)/2)/IS_Flow!L5*90,"") | K9: =IFERROR(((BS_Timeline!K4+BS_Timeline!L4)/2)/IS_Flow!M5*91,"") | L9: =IFERROR(((BS_Timeline!L4+BS_Timeline!M4)/2)/IS_Flow!N5*92,"") | M9: =IFERROR(((BS_Timeline!M4+BS_Timeline!N4)/2)/IS_Flow!O5*92,"") | N9: =IFERROR(((BS_Timeline!N4+BS_Timeline!O4)/2)/IS_Flow!Q5*90,"") | O9: =IFERROR(((BS_Timeline!O4+BS_Timeline!P4)/2)/IS_Flow!R5*91,"") | P9: =IFERROR(((BS_Timeline!P4+BS_Timeline!Q4)/2)/IS_Flow!S5*92,"") | Q9: =IFERROR(((BS_Timeline!Q4+BS_Timeline!R4)/2)/IS_Flow!T5*92,"") | R9: =IFERROR(((BS_Timeline!R4+BS_Timeline!S4)/2)/IS_Flow!V5*90,"") | S9: =IFERROR(((BS_Timeline!S4+BS_Timeline!T4)/2)/IS_Flow!W5*91,"") | T9: =IFERROR(((BS_Timeline!T4+BS_Timeline!U4)/2)/IS_Flow!X5*92,"") | U9: =IFERROR(((BS_Timeline!U4+BS_Timeline!V4)/2)/IS_Flow!Y5*92,"")
A10: DPO (วัน) | B10: =IFERROR(((BS_Timeline!B5+BS_Timeline!C5)/2)/IS_Flow!B5*90,"") | C10: =IFERROR(((BS_Timeline!C5+BS_Timeline!D5)/2)/IS_Flow!C5*91,"") | D10: =IFERROR(((BS_Timeline!D5+BS_Timeline!E5)/2)/IS_Flow!D5*92,"") | E10: =IFERROR(((BS_Timeline!E5+BS_Timeline!F5)/2)/IS_Flow!E5*92,"") | F10: =IFERROR(((BS_Timeline!F5+BS_Timeline!G5)/2)/IS_Flow!G5*90,"") | G10: =IFERROR(((BS_Timeline!G5+BS_Timeline!H5)/2)/IS_Flow!H5*91,"") | H10: =IFERROR(((BS_Timeline!H5+BS_Timeline!I5)/2)/IS_Flow!I5*92,"") | I10: =IFERROR(((BS_Timeline!I5+BS_Timeline!J5)/2)/IS_Flow!J5*92,"") | J10: =IFERROR(((BS_Timeline!J5+BS_Timeline!K5)/2)/IS_Flow!L5*90,"") | K10: =IFERROR(((BS_Timeline!K5+BS_Timeline!L5)/2)/IS_Flow!M5*91,"") | L10: =IFERROR(((BS_Timeline!L5+BS_Timeline!M5)/2)/IS_Flow!N5*92,"") | M10: =IFERROR(((BS_Timeline!M5+BS_Timeline!N5)/2)/IS_Flow!O5*92,"") | N10: =IFERROR(((BS_Timeline!N5+BS_Timeline!O5)/2)/IS_Flow!Q5*90,"") | O10: =IFERROR(((BS_Timeline!O5+BS_Timeline!P5)/2)/IS_Flow!R5*91,"") | P10: =IFERROR(((BS_Timeline!P5+BS_Timeline!Q5)/2)/IS_Flow!S5*92,"") | Q10: =IFERROR(((BS_Timeline!Q5+BS_Timeline!R5)/2)/IS_Flow!T5*92,"") | R10: =IFERROR(((BS_Timeline!R5+BS_Timeline!S5)/2)/IS_Flow!V5*90,"") | S10: =IFERROR(((BS_Timeline!S5+BS_Timeline!T5)/2)/IS_Flow!W5*91,"") | T10: =IFERROR(((BS_Timeline!T5+BS_Timeline!U5)/2)/IS_Flow!X5*92,"") | U10: =IFERROR(((BS_Timeline!U5+BS_Timeline!V5)/2)/IS_Flow!Y5*92,"")
A11: CCC (วัน) | B11: =IFERROR(B8+B9-B10,"") | C11: =IFERROR(C8+C9-C10,"") | D11: =IFERROR(D8+D9-D10,"") | E11: =IFERROR(E8+E9-E10,"") | F11: =IFERROR(F8+F9-F10,"") | G11: =IFERROR(G8+G9-G10,"") | H11: =IFERROR(H8+H9-H10,"") | I11: =IFERROR(I8+I9-I10,"") | ... U11: =IFERROR(U8+U9-U10,"")
A12: ROA รายไตรมาส (%) | B12: =IFERROR(IS_Flow!B6/((BS_Timeline!B6+BS_Timeline!C6)/2),"") | C12: =IFERROR(IS_Flow!C6/((BS_Timeline!C6+BS_Timeline!D6)/2),"") | D12: =IFERROR(IS_Flow!D6/((BS_Timeline!D6+BS_Timeline!E6)/2),"") | E12: =IFERROR(IS_Flow!E6/((BS_Timeline!E6+BS_Timeline!F6)/2),"") | F12: =IFERROR(IS_Flow!G6/((BS_Timeline!F6+BS_Timeline!G6)/2),"") | G12: =IFERROR(IS_Flow!H6/((BS_Timeline!G6+BS_Timeline!H6)/2),"") | H12: =IFERROR(IS_Flow!I6/((BS_Timeline!H6+BS_Timeline!I6)/2),"") | I12: =IFERROR(IS_Flow!J6/((BS_Timeline!I6+BS_Timeline!J6)/2),"") | J12: =IFERROR(IS_Flow!L6/((BS_Timeline!J6+BS_Timeline!K6)/2),"") | K12: =IFERROR(IS_Flow!M6/((BS_Timeline!K6+BS_Timeline!L6)/2),"") | L12: =IFERROR(IS_Flow!N6/((BS_Timeline!L6+BS_Timeline!M6)/2),"") | M12: =IFERROR(IS_Flow!O6/((BS_Timeline!M6+BS_Timeline!N6)/2),"") | N12: =IFERROR(IS_Flow!Q6/((BS_Timeline!N6+BS_Timeline!O6)/2),"") | O12: =IFERROR(IS_Flow!R6/((BS_Timeline!O6+BS_Timeline!P6)/2),"") | P12: =IFERROR(IS_Flow!S6/((BS_Timeline!P6+BS_Timeline!Q6)/2),"") | Q12: =IFERROR(IS_Flow!T6/((BS_Timeline!Q6+BS_Timeline!R6)/2),"") | R12: =IFERROR(IS_Flow!V6/((BS_Timeline!R6+BS_Timeline!S6)/2),"") | S12: =IFERROR(IS_Flow!W6/((BS_Timeline!S6+BS_Timeline!T6)/2),"") | T12: =IFERROR(IS_Flow!X6/((BS_Timeline!T6+BS_Timeline!U6)/2),"") | U12: =IFERROR(IS_Flow!Y6/((BS_Timeline!U6+BS_Timeline!V6)/2),"")
A13: ROE รายไตรมาส (%) | B13: =IFERROR(IS_Flow!B6/((BS_Timeline!B7+BS_Timeline!C7)/2),"") | C13: =IFERROR(IS_Flow!C6/((BS_Timeline!C7+BS_Timeline!D7)/2),"") | D13: =IFERROR(IS_Flow!D6/((BS_Timeline!D7+BS_Timeline!E7)/2),"") | E13: =IFERROR(IS_Flow!E6/((BS_Timeline!E7+BS_Timeline!F7)/2),"") | F13: =IFERROR(IS_Flow!G6/((BS_Timeline!F7+BS_Timeline!G7)/2),"") | G13: =IFERROR(IS_Flow!H6/((BS_Timeline!G7+BS_Timeline!H7)/2),"") | H13: =IFERROR(IS_Flow!I6/((BS_Timeline!H7+BS_Timeline!I7)/2),"") | I13: =IFERROR(IS_Flow!J6/((BS_Timeline!I7+BS_Timeline!J7)/2),"") | J13: =IFERROR(IS_Flow!L6/((BS_Timeline!J7+BS_Timeline!K7)/2),"") | K13: =IFERROR(IS_Flow!M6/((BS_Timeline!K7+BS_Timeline!L7)/2),"") | L13: =IFERROR(IS_Flow!N6/((BS_Timeline!L7+BS_Timeline!M7)/2),"") | M13: =IFERROR(IS_Flow!O6/((BS_Timeline!M7+BS_Timeline!N7)/2),"") | N13: =IFERROR(IS_Flow!Q6/((BS_Timeline!N7+BS_Timeline!O7)/2),"") | O13: =IFERROR(IS_Flow!R6/((BS_Timeline!O7+BS_Timeline!P7)/2),"") | P13: =IFERROR(IS_Flow!S6/((BS_Timeline!P7+BS_Timeline!Q7)/2),"") | Q13: =IFERROR(IS_Flow!T6/((BS_Timeline!Q7+BS_Timeline!R7)/2),"") | R13: =IFERROR(IS_Flow!V6/((BS_Timeline!R7+BS_Timeline!S7)/2),"") | S13: =IFERROR(IS_Flow!W6/((BS_Timeline!S7+BS_Timeline!T7)/2),"") | T13: =IFERROR(IS_Flow!X6/((BS_Timeline!T7+BS_Timeline!U7)/2),"") | U13: =IFERROR(IS_Flow!Y6/((BS_Timeline!U7+BS_Timeline!V7)/2),"")
A14: D/E (เท่า) | B14: =IFERROR(BS_Timeline!C8/BS_Timeline!C7,"") | C14: =IFERROR(BS_Timeline!D8/BS_Timeline!D7,"") | D14: =IFERROR(BS_Timeline!E8/BS_Timeline!E7,"") | E14: =IFERROR(BS_Timeline!F8/BS_Timeline!F7,"") | F14: =IFERROR(BS_Timeline!G8/BS_Timeline!G7,"") | G14: =IFERROR(BS_Timeline!H8/BS_Timeline!H7,"") | H14: =IFERROR(BS_Timeline!I8/BS_Timeline!I7,"") | I14: =IFERROR(BS_Timeline!J8/BS_Timeline!J7,"") | ... U14: =IFERROR(BS_Timeline!V8/BS_Timeline!V7,"")
A15: ■ CENTEL
A16: รายได้รวม (ล้านบาท) | B16: =IS_Flow!B9 | C16: =IS_Flow!C9 | D16: =IS_Flow!D9 | E16: =IS_Flow!E9 | F16: =IS_Flow!G9 | G16: =IS_Flow!H9 | H16: =IS_Flow!I9 | I16: =IS_Flow!J9 | J16: =IS_Flow!L9 | K16: =IS_Flow!M9 | L16: =IS_Flow!N9 | M16: =IS_Flow!O9 | N16: =IS_Flow!Q9 | O16: =IS_Flow!R9 | P16: =IS_Flow!S9 | Q16: =IS_Flow!T9 | R16: =IS_Flow!V9 | S16: =IS_Flow!W9 | T16: =IS_Flow!X9 | U16: =IS_Flow!Y9
A17: ต้นทุนขาย (ล้านบาท) | B17: =IS_Flow!B11 | C17: =IS_Flow!C11 | D17: =IS_Flow!D11 | E17: =IS_Flow!E11 | F17: =IS_Flow!G11 | G17: =IS_Flow!H11 | H17: =IS_Flow!I11 | I17: =IS_Flow!J11 | J17: =IS_Flow!L11 | K17: =IS_Flow!M11 | L17: =IS_Flow!N11 | M17: =IS_Flow!O11 | N17: =IS_Flow!Q11 | O17: =IS_Flow!R11 | P17: =IS_Flow!S11 | Q17: =IS_Flow!T11 | R17: =IS_Flow!V11 | S17: =IS_Flow!W11 | T17: =IS_Flow!X11 | U17: =IS_Flow!Y11
A18: กำไรสุทธิ (ล้านบาท) | B18: =IS_Flow!B12 | C18: =IS_Flow!C12 | D18: =IS_Flow!D12 | E18: =IS_Flow!E12 | F18: =IS_Flow!G12 | G18: =IS_Flow!H12 | H18: =IS_Flow!I12 | I18: =IS_Flow!J12 | J18: =IS_Flow!L12 | K18: =IS_Flow!M12 | L18: =IS_Flow!N12 | M18: =IS_Flow!O12 | N18: =IS_Flow!Q12 | O18: =IS_Flow!R12 | P18: =IS_Flow!S12 | Q18: =IS_Flow!T12 | R18: =IS_Flow!V12 | S18: =IS_Flow!W12 | T18: =IS_Flow!X12 | U18: =IS_Flow!Y12
A19: NPM (%) | B19: =IFERROR(IS_Flow!B12/IS_Flow!B9,"") | C19: =IFERROR(IS_Flow!C12/IS_Flow!C9,"") | D19: =IFERROR(IS_Flow!D12/IS_Flow!D9,"") | E19: =IFERROR(IS_Flow!E12/IS_Flow!E9,"") | F19: =IFERROR(IS_Flow!G12/IS_Flow!G9,"") | G19: =IFERROR(IS_Flow!H12/IS_Flow!H9,"") | H19: =IFERROR(IS_Flow!I12/IS_Flow!I9,"") | I19: =IFERROR(IS_Flow!J12/IS_Flow!J9,"") | J19: =IFERROR(IS_Flow!L12/IS_Flow!L9,"") | K19: =IFERROR(IS_Flow!M12/IS_Flow!M9,"") | L19: =IFERROR(IS_Flow!N12/IS_Flow!N9,"") | M19: =IFERROR(IS_Flow!O12/IS_Flow!O9,"") | N19: =IFERROR(IS_Flow!Q12/IS_Flow!Q9,"") | O19: =IFERROR(IS_Flow!R12/IS_Flow!R9,"") | P19: =IFERROR(IS_Flow!S12/IS_Flow!S9,"") | Q19: =IFERROR(IS_Flow!T12/IS_Flow!T9,"") | R19: =IFERROR(IS_Flow!V12/IS_Flow!V9,"") | S19: =IFERROR(IS_Flow!W12/IS_Flow!W9,"") | T19: =IFERROR(IS_Flow!X12/IS_Flow!X9,"") | U19: =IFERROR(IS_Flow!Y12/IS_Flow!Y9,"")
A20: Gross Margin (%) | B20: =IFERROR((IS_Flow!B9-IS_Flow!B10-IS_Flow!B11)/(IS_Flow!B9-IS_Flow!B10),"") | C20: =IFERROR((IS_Flow!C9-IS_Flow!C10-IS_Flow!C11)/(IS_Flow!C9-IS_Flow!C10),"") | D20: =IFERROR((IS_Flow!D9-IS_Flow!D10-IS_Flow!D11)/(IS_Flow!D9-IS_Flow!D10),"") | E20: =IFERROR((IS_Flow!E9-IS_Flow!E10-IS_Flow!E11)/(IS_Flow!E9-IS_Flow!E10),"") | F20: =IFERROR((IS_Flow!G9-IS_Flow!G10-IS_Flow!G11)/(IS_Flow!G9-IS_Flow!G10),"") | G20: =IFERROR((IS_Flow!H9-IS_Flow!H10-IS_Flow!H11)/(IS_Flow!H9-IS_Flow!H10),"") | H20: =IFERROR((IS_Flow!I9-IS_Flow!I10-IS_Flow!I11)/(IS_Flow!I9-IS_Flow!I10),"") | I20: =IFERROR((IS_Flow!J9-IS_Flow!J10-IS_Flow!J11)/(IS_Flow!J9-IS_Flow!J10),"") | J20: =IFERROR((IS_Flow!L9-IS_Flow!L10-IS_Flow!L11)/(IS_Flow!L9-IS_Flow!L10),"") | K20: =IFERROR((IS_Flow!M9-IS_Flow!M10-IS_Flow!M11)/(IS_Flow!M9-IS_Flow!M10),"") | L20: =IFERROR((IS_Flow!N9-IS_Flow!N10-IS_Flow!N11)/(IS_Flow!N9-IS_Flow!N10),"") | M20: =IFERROR((IS_Flow!O9-IS_Flow!O10-IS_Flow!O11)/(IS_Flow!O9-IS_Flow!O10),"") | N20: =IFERROR((IS_Flow!Q9-IS_Flow!Q10-IS_Flow!Q11)/(IS_Flow!Q9-IS_Flow!Q10),"") | O20: =IFERROR((IS_Flow!R9-IS_Flow!R10-IS_Flow!R11)/(IS_Flow!R9-IS_Flow!R10),"") | P20: =IFERROR((IS_Flow!S9-IS_Flow!S10-IS_Flow!S11)/(IS_Flow!S9-IS_Flow!S10),"") | Q20: =IFERROR((IS_Flow!T9-IS_Flow!T10-IS_Flow!T11)/(IS_Flow!T9-IS_Flow!T10),"") | R20: =IFERROR((IS_Flow!V9-IS_Flow!V10-IS_Flow!V11)/(IS_Flow!V9-IS_Flow!V10),"") | S20: =IFERROR((IS_Flow!W9-IS_Flow!W10-IS_Flow!W11)/(IS_Flow!W9-IS_Flow!W10),"") | T20: =IFERROR((IS_Flow!X9-IS_Flow!X10-IS_Flow!X11)/(IS_Flow!X9-IS_Flow!X10),"") | U20: =IFERROR((IS_Flow!Y9-IS_Flow!Y10-IS_Flow!Y11)/(IS_Flow!Y9-IS_Flow!Y10),"")
A21: DSO (วัน) | B21: =IFERROR(((BS_Timeline!B10+BS_Timeline!C10)/2)/IS_Flow!B9*90,"") | C21: =IFERROR(((BS_Timeline!C10+BS_Timeline!D10)/2)/IS_Flow!C9*91,"") | D21: =IFERROR(((BS_Timeline!D10+BS_Timeline!E10)/2)/IS_Flow!D9*92,"") | E21: =IFERROR(((BS_Timeline!E10+BS_Timeline!F10)/2)/IS_Flow!E9*92,"") | F21: =IFERROR(((BS_Timeline!F10+BS_Timeline!G10)/2)/IS_Flow!G9*90,"") | G21: =IFERROR(((BS_Timeline!G10+BS_Timeline!H10)/2)/IS_Flow!H9*91,"") | H21: =IFERROR(((BS_Timeline!H10+BS_Timeline!I10)/2)/IS_Flow!I9*92,"") | I21: =IFERROR(((BS_Timeline!I10+BS_Timeline!J10)/2)/IS_Flow!J9*92,"") | J21: =IFERROR(((BS_Timeline!J10+BS_Timeline!K10)/2)/IS_Flow!L9*90,"") | K21: =IFERROR(((BS_Timeline!K10+BS_Timeline!L10)/2)/IS_Flow!M9*91,"") | L21: =IFERROR(((BS_Timeline!L10+BS_Timeline!M10)/2)/IS_Flow!N9*92,"") | M21: =IFERROR(((BS_Timeline!M10+BS_Timeline!N10)/2)/IS_Flow!O9*92,"") | N21: =IFERROR(((BS_Timeline!N10+BS_Timeline!O10)/2)/IS_Flow!Q9*90,"") | O21: =IFERROR(((BS_Timeline!O10+BS_Timeline!P10)/2)/IS_Flow!R9*91,"") | P21: =IFERROR(((BS_Timeline!P10+BS_Timeline!Q10)/2)/IS_Flow!S9*92,"") | Q21: =IFERROR(((BS_Timeline!Q10+BS_Timeline!R10)/2)/IS_Flow!T9*92,"") | R21: =IFERROR(((BS_Timeline!R10+BS_Timeline!S10)/2)/IS_Flow!V9*90,"") | S21: =IFERROR(((BS_Timeline!S10+BS_Timeline!T10)/2)/IS_Flow!W9*91,"") | T21: =IFERROR(((BS_Timeline!T10+BS_Timeline!U10)/2)/IS_Flow!X9*92,"") | U21: =IFERROR(((BS_Timeline!U10+BS_Timeline!V10)/2)/IS_Flow!Y9*92,"")
A22: DIO (วัน) | B22: =IFERROR(((BS_Timeline!B11+BS_Timeline!C11)/2)/IS_Flow!B11*90,"") | C22: =IFERROR(((BS_Timeline!C11+BS_Timeline!D11)/2)/IS_Flow!C11*91,"") | D22: =IFERROR(((BS_Timeline!D11+BS_Timeline!E11)/2)/IS_Flow!D11*92,"") | E22: =IFERROR(((BS_Timeline!E11+BS_Timeline!F11)/2)/IS_Flow!E11*92,"") | F22: =IFERROR(((BS_Timeline!F11+BS_Timeline!G11)/2)/IS_Flow!G11*90,"") | G22: =IFERROR(((BS_Timeline!G11+BS_Timeline!H11)/2)/IS_Flow!H11*91,"") | H22: =IFERROR(((BS_Timeline!H11+BS_Timeline!I11)/2)/IS_Flow!I11*92,"") | I22: =IFERROR(((BS_Timeline!I11+BS_Timeline!J11)/2)/IS_Flow!J11*92,"") | J22: =IFERROR(((BS_Timeline!J11+BS_Timeline!K11)/2)/IS_Flow!L11*90,"") | K22: =IFERROR(((BS_Timeline!K11+BS_Timeline!L11)/2)/IS_Flow!M11*91,"") | L22: =IFERROR(((BS_Timeline!L11+BS_Timeline!M11)/2)/IS_Flow!N11*92,"") | M22: =IFERROR(((BS_Timeline!M11+BS_Timeline!N11)/2)/IS_Flow!O11*92,"") | N22: =IFERROR(((BS_Timeline!N11+BS_Timeline!O11)/2)/IS_Flow!Q11*90,"") | O22: =IFERROR(((BS_Timeline!O11+BS_Timeline!P11)/2)/IS_Flow!R11*91,"") | P22: =IFERROR(((BS_Timeline!P11+BS_Timeline!Q11)/2)/IS_Flow!S11*92,"") | Q22: =IFERROR(((BS_Timeline!Q11+BS_Timeline!R11)/2)/IS_Flow!T11*92,"") | R22: =IFERROR(((BS_Timeline!R11+BS_Timeline!S11)/2)/IS_Flow!V11*90,"") | S22: =IFERROR(((BS_Timeline!S11+BS_Timeline!T11)/2)/IS_Flow!W11*91,"") | T22: =IFERROR(((BS_Timeline!T11+BS_Timeline!U11)/2)/IS_Flow!X11*92,"") | U22: =IFERROR(((BS_Timeline!U11+BS_Timeline!V11)/2)/IS_Flow!Y11*92,"")
A23: DPO (วัน) | B23: =IFERROR(((BS_Timeline!B12+BS_Timeline!C12)/2)/IS_Flow!B11*90,"") | C23: =IFERROR(((BS_Timeline!C12+BS_Timeline!D12)/2)/IS_Flow!C11*91,"") | D23: =IFERROR(((BS_Timeline!D12+BS_Timeline!E12)/2)/IS_Flow!D11*92,"") | E23: =IFERROR(((BS_Timeline!E12+BS_Timeline!F12)/2)/IS_Flow!E11*92,"") | F23: =IFERROR(((BS_Timeline!F12+BS_Timeline!G12)/2)/IS_Flow!G11*90,"") | G23: =IFERROR(((BS_Timeline!G12+BS_Timeline!H12)/2)/IS_Flow!H11*91,"") | H23: =IFERROR(((BS_Timeline!H12+BS_Timeline!I12)/2)/IS_Flow!I11*92,"") | I23: =IFERROR(((BS_Timeline!I12+BS_Timeline!J12)/2)/IS_Flow!J11*92,"") | J23: =IFERROR(((BS_Timeline!J12+BS_Timeline!K12)/2)/IS_Flow!L11*90,"") | K23: =IFERROR(((BS_Timeline!K12+BS_Timeline!L12)/2)/IS_Flow!M11*91,"") | L23: =IFERROR(((BS_Timeline!L12+BS_Timeline!M12)/2)/IS_Flow!N11*92,"") | M23: =IFERROR(((BS_Timeline!M12+BS_Timeline!N12)/2)/IS_Flow!O11*92,"") | N23: =IFERROR(((BS_Timeline!N12+BS_Timeline!O12)/2)/IS_Flow!Q11*90,"") | O23: =IFERROR(((BS_Timeline!O12+BS_Timeline!P12)/2)/IS_Flow!R11*91,"") | P23: =IFERROR(((BS_Timeline!P12+BS_Timeline!Q12)/2)/IS_Flow!S11*92,"") | Q23: =IFERROR(((BS_Timeline!Q12+BS_Timeline!R12)/2)/IS_Flow!T11*92,"") | R23: =IFERROR(((BS_Timeline!R12+BS_Timeline!S12)/2)/IS_Flow!V11*90,"") | S23: =IFERROR(((BS_Timeline!S12+BS_Timeline!T12)/2)/IS_Flow!W11*91,"") | T23: =IFERROR(((BS_Timeline!T12+BS_Timeline!U12)/2)/IS_Flow!X11*92,"") | U23: =IFERROR(((BS_Timeline!U12+BS_Timeline!V12)/2)/IS_Flow!Y11*92,"")
A24: CCC (วัน) | B24: =IFERROR(B21+B22-B23,"") | C24: =IFERROR(C21+C22-C23,"") | D24: =IFERROR(D21+D22-D23,"") | E24: =IFERROR(E21+E22-E23,"") | F24: =IFERROR(F21+F22-F23,"") | G24: =IFERROR(G21+G22-G23,"") | H24: =IFERROR(H21+H22-H23,"") | I24: =IFERROR(I21+I22-I23,"") | ... U24: =IFERROR(U21+U22-U23,"")
A25: ROA รายไตรมาส (%) | B25: =IFERROR(IS_Flow!B12/((BS_Timeline!B13+BS_Timeline!C13)/2),"") | C25: =IFERROR(IS_Flow!C12/((BS_Timeline!C13+BS_Timeline!D13)/2),"") | D25: =IFERROR(IS_Flow!D12/((BS_Timeline!D13+BS_Timeline!E13)/2),"") | E25: =IFERROR(IS_Flow!E12/((BS_Timeline!E13+BS_Timeline!F13)/2),"") | F25: =IFERROR(IS_Flow!G12/((BS_Timeline!F13+BS_Timeline!G13)/2),"") | G25: =IFERROR(IS_Flow!H12/((BS_Timeline!G13+BS_Timeline!H13)/2),"") | H25: =IFERROR(IS_Flow!I12/((BS_Timeline!H13+BS_Timeline!I13)/2),"") | I25: =IFERROR(IS_Flow!J12/((BS_Timeline!I13+BS_Timeline!J13)/2),"") | J25: =IFERROR(IS_Flow!L12/((BS_Timeline!J13+BS_Timeline!K13)/2),"") | K25: =IFERROR(IS_Flow!M12/((BS_Timeline!K13+BS_Timeline!L13)/2),"") | L25: =IFERROR(IS_Flow!N12/((BS_Timeline!L13+BS_Timeline!M13)/2),"") | M25: =IFERROR(IS_Flow!O12/((BS_Timeline!M13+BS_Timeline!N13)/2),"") | N25: =IFERROR(IS_Flow!Q12/((BS_Timeline!N13+BS_Timeline!O13)/2),"") | O25: =IFERROR(IS_Flow!R12/((BS_Timeline!O13+BS_Timeline!P13)/2),"") | P25: =IFERROR(IS_Flow!S12/((BS_Timeline!P13+BS_Timeline!Q13)/2),"") | Q25: =IFERROR(IS_Flow!T12/((BS_Timeline!Q13+BS_Timeline!R13)/2),"") | R25: =IFERROR(IS_Flow!V12/((BS_Timeline!R13+BS_Timeline!S13)/2),"") | S25: =IFERROR(IS_Flow!W12/((BS_Timeline!S13+BS_Timeline!T13)/2),"") | T25: =IFERROR(IS_Flow!X12/((BS_Timeline!T13+BS_Timeline!U13)/2),"") | U25: =IFERROR(IS_Flow!Y12/((BS_Timeline!U13+BS_Timeline!V13)/2),"")
A26: ROE รายไตรมาส (%) | B26: =IFERROR(IS_Flow!B12/((BS_Timeline!B14+BS_Timeline!C14)/2),"") | C26: =IFERROR(IS_Flow!C12/((BS_Timeline!C14+BS_Timeline!D14)/2),"") | D26: =IFERROR(IS_Flow!D12/((BS_Timeline!D14+BS_Timeline!E14)/2),"") | E26: =IFERROR(IS_Flow!E12/((BS_Timeline!E14+BS_Timeline!F14)/2),"") | F26: =IFERROR(IS_Flow!G12/((BS_Timeline!F14+BS_Timeline!G14)/2),"") | G26: =IFERROR(IS_Flow!H12/((BS_Timeline!G14+BS_Timeline!H14)/2),"") | H26: =IFERROR(IS_Flow!I12/((BS_Timeline!H14+BS_Timeline!I14)/2),"") | I26: =IFERROR(IS_Flow!J12/((BS_Timeline!I14+BS_Timeline!J14)/2),"") | J26: =IFERROR(IS_Flow!L12/((BS_Timeline!J14+BS_Timeline!K14)/2),"") | K26: =IFERROR(IS_Flow!M12/((BS_Timeline!K14+BS_Timeline!L14)/2),"") | L26: =IFERROR(IS_Flow!N12/((BS_Timeline!L14+BS_Timeline!M14)/2),"") | M26: =IFERROR(IS_Flow!O12/((BS_Timeline!M14+BS_Timeline!N14)/2),"") | N26: =IFERROR(IS_Flow!Q12/((BS_Timeline!N14+BS_Timeline!O14)/2),"") | O26: =IFERROR(IS_Flow!R12/((BS_Timeline!O14+BS_Timeline!P14)/2),"") | P26: =IFERROR(IS_Flow!S12/((BS_Timeline!P14+BS_Timeline!Q14)/2),"") | Q26: =IFERROR(IS_Flow!T12/((BS_Timeline!Q14+BS_Timeline!R14)/2),"") | R26: =IFERROR(IS_Flow!V12/((BS_Timeline!R14+BS_Timeline!S14)/2),"") | S26: =IFERROR(IS_Flow!W12/((BS_Timeline!S14+BS_Timeline!T14)/2),"") | T26: =IFERROR(IS_Flow!X12/((BS_Timeline!T14+BS_Timeline!U14)/2),"") | U26: =IFERROR(IS_Flow!Y12/((BS_Timeline!U14+BS_Timeline!V14)/2),"")
A27: D/E (เท่า) | B27: =IFERROR(BS_Timeline!C15/BS_Timeline!C14,"") | C27: =IFERROR(BS_Timeline!D15/BS_Timeline!D14,"") | D27: =IFERROR(BS_Timeline!E15/BS_Timeline!E14,"") | E27: =IFERROR(BS_Timeline!F15/BS_Timeline!F14,"") | F27: =IFERROR(BS_Timeline!G15/BS_Timeline!G14,"") | G27: =IFERROR(BS_Timeline!H15/BS_Timeline!H14,"") | H27: =IFERROR(BS_Timeline!I15/BS_Timeline!I14,"") | I27: =IFERROR(BS_Timeline!J15/BS_Timeline!J14,"") | ... U27: =IFERROR(BS_Timeline!V15/BS_Timeline!V14,"")
A28: ■ DUSIT
A29: รายได้รวม (ล้านบาท) | B29: =IS_Flow!B15 | C29: =IS_Flow!C15 | D29: =IS_Flow!D15 | E29: =IS_Flow!E15 | F29: =IS_Flow!G15 | G29: =IS_Flow!H15 | H29: =IS_Flow!I15 | I29: =IS_Flow!J15 | J29: =IS_Flow!L15 | K29: =IS_Flow!M15 | L29: =IS_Flow!N15 | M29: =IS_Flow!O15 | N29: =IS_Flow!Q15 | O29: =IS_Flow!R15 | P29: =IS_Flow!S15 | Q29: =IS_Flow!T15 | R29: =IS_Flow!V15 | S29: =IS_Flow!W15 | T29: =IS_Flow!X15 | U29: =IS_Flow!Y15
A30: ต้นทุนขาย (ล้านบาท) | B30: =IS_Flow!B17 | C30: =IS_Flow!C17 | D30: =IS_Flow!D17 | E30: =IS_Flow!E17 | F30: =IS_Flow!G17 | G30: =IS_Flow!H17 | H30: =IS_Flow!I17 | I30: =IS_Flow!J17 | J30: =IS_Flow!L17 | K30: =IS_Flow!M17 | L30: =IS_Flow!N17 | M30: =IS_Flow!O17 | N30: =IS_Flow!Q17 | O30: =IS_Flow!R17 | P30: =IS_Flow!S17 | Q30: =IS_Flow!T17 | R30: =IS_Flow!V17 | S30: =IS_Flow!W17 | T30: =IS_Flow!X17 | U30: =IS_Flow!Y17
A31: กำไรสุทธิ (ล้านบาท) | B31: =IS_Flow!B18 | C31: =IS_Flow!C18 | D31: =IS_Flow!D18 | E31: =IS_Flow!E18 | F31: =IS_Flow!G18 | G31: =IS_Flow!H18 | H31: =IS_Flow!I18 | I31: =IS_Flow!J18 | J31: =IS_Flow!L18 | K31: =IS_Flow!M18 | L31: =IS_Flow!N18 | M31: =IS_Flow!O18 | N31: =IS_Flow!Q18 | O31: =IS_Flow!R18 | P31: =IS_Flow!S18 | Q31: =IS_Flow!T18 | R31: =IS_Flow!V18 | S31: =IS_Flow!W18 | T31: =IS_Flow!X18 | U31: =IS_Flow!Y18
A32: NPM (%) | B32: =IFERROR(IS_Flow!B18/IS_Flow!B15,"") | C32: =IFERROR(IS_Flow!C18/IS_Flow!C15,"") | D32: =IFERROR(IS_Flow!D18/IS_Flow!D15,"") | E32: =IFERROR(IS_Flow!E18/IS_Flow!E15,"") | F32: =IFERROR(IS_Flow!G18/IS_Flow!G15,"") | G32: =IFERROR(IS_Flow!H18/IS_Flow!H15,"") | H32: =IFERROR(IS_Flow!I18/IS_Flow!I15,"") | I32: =IFERROR(IS_Flow!J18/IS_Flow!J15,"") | J32: =IFERROR(IS_Flow!L18/IS_Flow!L15,"") | K32: =IFERROR(IS_Flow!M18/IS_Flow!M15,"") | L32: =IFERROR(IS_Flow!N18/IS_Flow!N15,"") | M32: =IFERROR(IS_Flow!O18/IS_Flow!O15,"") | N32: =IFERROR(IS_Flow!Q18/IS_Flow!Q15,"") | O32: =IFERROR(IS_Flow!R18/IS_Flow!R15,"") | P32: =IFERROR(IS_Flow!S18/IS_Flow!S15,"") | Q32: =IFERROR(IS_Flow!T18/IS_Flow!T15,"") | R32: =IFERROR(IS_Flow!V18/IS_Flow!V15,"") | S32: =IFERROR(IS_Flow!W18/IS_Flow!W15,"") | T32: =IFERROR(IS_Flow!X18/IS_Flow!X15,"") | U32: =IFERROR(IS_Flow!Y18/IS_Flow!Y15,"")
A33: Gross Margin (%) | B33: =IFERROR((IS_Flow!B15-IS_Flow!B16-IS_Flow!B17)/(IS_Flow!B15-IS_Flow!B16),"") | C33: =IFERROR((IS_Flow!C15-IS_Flow!C16-IS_Flow!C17)/(IS_Flow!C15-IS_Flow!C16),"") | D33: =IFERROR((IS_Flow!D15-IS_Flow!D16-IS_Flow!D17)/(IS_Flow!D15-IS_Flow!D16),"") | E33: =IFERROR((IS_Flow!E15-IS_Flow!E16-IS_Flow!E17)/(IS_Flow!E15-IS_Flow!E16),"") | F33: =IFERROR((IS_Flow!G15-IS_Flow!G16-IS_Flow!G17)/(IS_Flow!G15-IS_Flow!G16),"") | G33: =IFERROR((IS_Flow!H15-IS_Flow!H16-IS_Flow!H17)/(IS_Flow!H15-IS_Flow!H16),"") | H33: =IFERROR((IS_Flow!I15-IS_Flow!I16-IS_Flow!I17)/(IS_Flow!I15-IS_Flow!I16),"") | I33: =IFERROR((IS_Flow!J15-IS_Flow!J16-IS_Flow!J17)/(IS_Flow!J15-IS_Flow!J16),"") | J33: =IFERROR((IS_Flow!L15-IS_Flow!L16-IS_Flow!L17)/(IS_Flow!L15-IS_Flow!L16),"") | K33: =IFERROR((IS_Flow!M15-IS_Flow!M16-IS_Flow!M17)/(IS_Flow!M15-IS_Flow!M16),"") | L33: =IFERROR((IS_Flow!N15-IS_Flow!N16-IS_Flow!N17)/(IS_Flow!N15-IS_Flow!N16),"") | M33: =IFERROR((IS_Flow!O15-IS_Flow!O16-IS_Flow!O17)/(IS_Flow!O15-IS_Flow!O16),"") | N33: =IFERROR((IS_Flow!Q15-IS_Flow!Q16-IS_Flow!Q17)/(IS_Flow!Q15-IS_Flow!Q16),"") | O33: =IFERROR((IS_Flow!R15-IS_Flow!R16-IS_Flow!R17)/(IS_Flow!R15-IS_Flow!R16),"") | P33: =IFERROR((IS_Flow!S15-IS_Flow!S16-IS_Flow!S17)/(IS_Flow!S15-IS_Flow!S16),"") | Q33: =IFERROR((IS_Flow!T15-IS_Flow!T16-IS_Flow!T17)/(IS_Flow!T15-IS_Flow!T16),"") | R33: =IFERROR((IS_Flow!V15-IS_Flow!V16-IS_Flow!V17)/(IS_Flow!V15-IS_Flow!V16),"") | S33: =IFERROR((IS_Flow!W15-IS_Flow!W16-IS_Flow!W17)/(IS_Flow!W15-IS_Flow!W16),"") | T33: =IFERROR((IS_Flow!X15-IS_Flow!X16-IS_Flow!X17)/(IS_Flow!X15-IS_Flow!X16),"") | U33: =IFERROR((IS_Flow!Y15-IS_Flow!Y16-IS_Flow!Y17)/(IS_Flow!Y15-IS_Flow!Y16),"")
A34: DSO (วัน) | B34: =IFERROR(((BS_Timeline!B17+BS_Timeline!C17)/2)/IS_Flow!B15*90,"") | C34: =IFERROR(((BS_Timeline!C17+BS_Timeline!D17)/2)/IS_Flow!C15*91,"") | D34: =IFERROR(((BS_Timeline!D17+BS_Timeline!E17)/2)/IS_Flow!D15*92,"") | E34: =IFERROR(((BS_Timeline!E17+BS_Timeline!F17)/2)/IS_Flow!E15*92,"") | F34: =IFERROR(((BS_Timeline!F17+BS_Timeline!G17)/2)/IS_Flow!G15*90,"") | G34: =IFERROR(((BS_Timeline!G17+BS_Timeline!H17)/2)/IS_Flow!H15*91,"") | H34: =IFERROR(((BS_Timeline!H17+BS_Timeline!I17)/2)/IS_Flow!I15*92,"") | I34: =IFERROR(((BS_Timeline!I17+BS_Timeline!J17)/2)/IS_Flow!J15*92,"") | J34: =IFERROR(((BS_Timeline!J17+BS_Timeline!K17)/2)/IS_Flow!L15*90,"") | K34: =IFERROR(((BS_Timeline!K17+BS_Timeline!L17)/2)/IS_Flow!M15*91,"") | L34: =IFERROR(((BS_Timeline!L17+BS_Timeline!M17)/2)/IS_Flow!N15*92,"") | M34: =IFERROR(((BS_Timeline!M17+BS_Timeline!N17)/2)/IS_Flow!O15*92,"") | N34: =IFERROR(((BS_Timeline!N17+BS_Timeline!O17)/2)/IS_Flow!Q15*90,"") | O34: =IFERROR(((BS_Timeline!O17+BS_Timeline!P17)/2)/IS_Flow!R15*91,"") | P34: =IFERROR(((BS_Timeline!P17+BS_Timeline!Q17)/2)/IS_Flow!S15*92,"") | Q34: =IFERROR(((BS_Timeline!Q17+BS_Timeline!R17)/2)/IS_Flow!T15*92,"") | R34: =IFERROR(((BS_Timeline!R17+BS_Timeline!S17)/2)/IS_Flow!V15*90,"") | S34: =IFERROR(((BS_Timeline!S17+BS_Timeline!T17)/2)/IS_Flow!W15*91,"") | T34: =IFERROR(((BS_Timeline!T17+BS_Timeline!U17)/2)/IS_Flow!X15*92,"") | U34: =IFERROR(((BS_Timeline!U17+BS_Timeline!V17)/2)/IS_Flow!Y15*92,"")
A35: DIO (วัน) | B35: =IFERROR(((BS_Timeline!B18+BS_Timeline!C18)/2)/IS_Flow!B17*90,"") | C35: =IFERROR(((BS_Timeline!C18+BS_Timeline!D18)/2)/IS_Flow!C17*91,"") | D35: =IFERROR(((BS_Timeline!D18+BS_Timeline!E18)/2)/IS_Flow!D17*92,"") | E35: =IFERROR(((BS_Timeline!E18+BS_Timeline!F18)/2)/IS_Flow!E17*92,"") | F35: =IFERROR(((BS_Timeline!F18+BS_Timeline!G18)/2)/IS_Flow!G17*90,"") | G35: =IFERROR(((BS_Timeline!G18+BS_Timeline!H18)/2)/IS_Flow!H17*91,"") | H35: =IFERROR(((BS_Timeline!H18+BS_Timeline!I18)/2)/IS_Flow!I17*92,"") | I35: =IFERROR(((BS_Timeline!I18+BS_Timeline!J18)/2)/IS_Flow!J17*92,"") | J35: =IFERROR(((BS_Timeline!J18+BS_Timeline!K18)/2)/IS_Flow!L17*90,"") | K35: =IFERROR(((BS_Timeline!K18+BS_Timeline!L18)/2)/IS_Flow!M17*91,"") | L35: =IFERROR(((BS_Timeline!L18+BS_Timeline!M18)/2)/IS_Flow!N17*92,"") | M35: =IFERROR(((BS_Timeline!M18+BS_Timeline!N18)/2)/IS_Flow!O17*92,"") | N35: =IFERROR(((BS_Timeline!N18+BS_Timeline!O18)/2)/IS_Flow!Q17*90,"") | O35: =IFERROR(((BS_Timeline!O18+BS_Timeline!P18)/2)/IS_Flow!R17*91,"") | P35: =IFERROR(((BS_Timeline!P18+BS_Timeline!Q18)/2)/IS_Flow!S17*92,"") | Q35: =IFERROR(((BS_Timeline!Q18+BS_Timeline!R18)/2)/IS_Flow!T17*92,"") | R35: =IFERROR(((BS_Timeline!R18+BS_Timeline!S18)/2)/IS_Flow!V17*90,"") | S35: =IFERROR(((BS_Timeline!S18+BS_Timeline!T18)/2)/IS_Flow!W17*91,"") | T35: =IFERROR(((BS_Timeline!T18+BS_Timeline!U18)/2)/IS_Flow!X17*92,"") | U35: =IFERROR(((BS_Timeline!U18+BS_Timeline!V18)/2)/IS_Flow!Y17*92,"")
A36: DPO (วัน) | B36: =IFERROR(((BS_Timeline!B19+BS_Timeline!C19)/2)/IS_Flow!B17*90,"") | C36: =IFERROR(((BS_Timeline!C19+BS_Timeline!D19)/2)/IS_Flow!C17*91,"") | D36: =IFERROR(((BS_Timeline!D19+BS_Timeline!E19)/2)/IS_Flow!D17*92,"") | E36: =IFERROR(((BS_Timeline!E19+BS_Timeline!F19)/2)/IS_Flow!E17*92,"") | F36: =IFERROR(((BS_Timeline!F19+BS_Timeline!G19)/2)/IS_Flow!G17*90,"") | G36: =IFERROR(((BS_Timeline!G19+BS_Timeline!H19)/2)/IS_Flow!H17*91,"") | H36: =IFERROR(((BS_Timeline!H19+BS_Timeline!I19)/2)/IS_Flow!I17*92,"") | I36: =IFERROR(((BS_Timeline!I19+BS_Timeline!J19)/2)/IS_Flow!J17*92,"") | J36: =IFERROR(((BS_Timeline!J19+BS_Timeline!K19)/2)/IS_Flow!L17*90,"") | K36: =IFERROR(((BS_Timeline!K19+BS_Timeline!L19)/2)/IS_Flow!M17*91,"") | L36: =IFERROR(((BS_Timeline!L19+BS_Timeline!M19)/2)/IS_Flow!N17*92,"") | M36: =IFERROR(((BS_Timeline!M19+BS_Timeline!N19)/2)/IS_Flow!O17*92,"") | N36: =IFERROR(((BS_Timeline!N19+BS_Timeline!O19)/2)/IS_Flow!Q17*90,"") | O36: =IFERROR(((BS_Timeline!O19+BS_Timeline!P19)/2)/IS_Flow!R17*91,"") | P36: =IFERROR(((BS_Timeline!P19+BS_Timeline!Q19)/2)/IS_Flow!S17*92,"") | Q36: =IFERROR(((BS_Timeline!Q19+BS_Timeline!R19)/2)/IS_Flow!T17*92,"") | R36: =IFERROR(((BS_Timeline!R19+BS_Timeline!S19)/2)/IS_Flow!V17*90,"") | S36: =IFERROR(((BS_Timeline!S19+BS_Timeline!T19)/2)/IS_Flow!W17*91,"") | T36: =IFERROR(((BS_Timeline!T19+BS_Timeline!U19)/2)/IS_Flow!X17*92,"") | U36: =IFERROR(((BS_Timeline!U19+BS_Timeline!V19)/2)/IS_Flow!Y17*92,"")
A37: CCC (วัน) | B37: =IFERROR(B34+B35-B36,"") | C37: =IFERROR(C34+C35-C36,"") | D37: =IFERROR(D34+D35-D36,"") | E37: =IFERROR(E34+E35-E36,"") | F37: =IFERROR(F34+F35-F36,"") | G37: =IFERROR(G34+G35-G36,"") | H37: =IFERROR(H34+H35-H36,"") | I37: =IFERROR(I34+I35-I36,"") | ... U37: =IFERROR(U34+U35-U36,"")
A38: ROA รายไตรมาส (%) | B38: =IFERROR(IS_Flow!B18/((BS_Timeline!B20+BS_Timeline!C20)/2),"") | C38: =IFERROR(IS_Flow!C18/((BS_Timeline!C20+BS_Timeline!D20)/2),"") | D38: =IFERROR(IS_Flow!D18/((BS_Timeline!D20+BS_Timeline!E20)/2),"") | E38: =IFERROR(IS_Flow!E18/((BS_Timeline!E20+BS_Timeline!F20)/2),"") | F38: =IFERROR(IS_Flow!G18/((BS_Timeline!F20+BS_Timeline!G20)/2),"") | G38: =IFERROR(IS_Flow!H18/((BS_Timeline!G20+BS_Timeline!H20)/2),"") | H38: =IFERROR(IS_Flow!I18/((BS_Timeline!H20+BS_Timeline!I20)/2),"") | I38: =IFERROR(IS_Flow!J18/((BS_Timeline!I20+BS_Timeline!J20)/2),"") | J38: =IFERROR(IS_Flow!L18/((BS_Timeline!J20+BS_Timeline!K20)/2),"") | K38: =IFERROR(IS_Flow!M18/((BS_Timeline!K20+BS_Timeline!L20)/2),"") | L38: =IFERROR(IS_Flow!N18/((BS_Timeline!L20+BS_Timeline!M20)/2),"") | M38: =IFERROR(IS_Flow!O18/((BS_Timeline!M20+BS_Timeline!N20)/2),"") | N38: =IFERROR(IS_Flow!Q18/((BS_Timeline!N20+BS_Timeline!O20)/2),"") | O38: =IFERROR(IS_Flow!R18/((BS_Timeline!O20+BS_Timeline!P20)/2),"") | P38: =IFERROR(IS_Flow!S18/((BS_Timeline!P20+BS_Timeline!Q20)/2),"") | Q38: =IFERROR(IS_Flow!T18/((BS_Timeline!Q20+BS_Timeline!R20)/2),"") | R38: =IFERROR(IS_Flow!V18/((BS_Timeline!R20+BS_Timeline!S20)/2),"") | S38: =IFERROR(IS_Flow!W18/((BS_Timeline!S20+BS_Timeline!T20)/2),"") | T38: =IFERROR(IS_Flow!X18/((BS_Timeline!T20+BS_Timeline!U20)/2),"") | U38: =IFERROR(IS_Flow!Y18/((BS_Timeline!U20+BS_Timeline!V20)/2),"")
A39: ROE รายไตรมาส (%) | B39: =IFERROR(IS_Flow!B18/((BS_Timeline!B21+BS_Timeline!C21)/2),"") | C39: =IFERROR(IS_Flow!C18/((BS_Timeline!C21+BS_Timeline!D21)/2),"") | D39: =IFERROR(IS_Flow!D18/((BS_Timeline!D21+BS_Timeline!E21)/2),"") | E39: =IFERROR(IS_Flow!E18/((BS_Timeline!E21+BS_Timeline!F21)/2),"") | F39: =IFERROR(IS_Flow!G18/((BS_Timeline!F21+BS_Timeline!G21)/2),"") | G39: =IFERROR(IS_Flow!H18/((BS_Timeline!G21+BS_Timeline!H21)/2),"") | H39: =IFERROR(IS_Flow!I18/((BS_Timeline!H21+BS_Timeline!I21)/2),"") | I39: =IFERROR(IS_Flow!J18/((BS_Timeline!I21+BS_Timeline!J21)/2),"") | J39: =IFERROR(IS_Flow!L18/((BS_Timeline!J21+BS_Timeline!K21)/2),"") | K39: =IFERROR(IS_Flow!M18/((BS_Timeline!K21+BS_Timeline!L21)/2),"") | L39: =IFERROR(IS_Flow!N18/((BS_Timeline!L21+BS_Timeline!M21)/2),"") | M39: =IFERROR(IS_Flow!O18/((BS_Timeline!M21+BS_Timeline!N21)/2),"") | N39: =IFERROR(IS_Flow!Q18/((BS_Timeline!N21+BS_Timeline!O21)/2),"") | O39: =IFERROR(IS_Flow!R18/((BS_Timeline!O21+BS_Timeline!P21)/2),"") | P39: =IFERROR(IS_Flow!S18/((BS_Timeline!P21+BS_Timeline!Q21)/2),"") | Q39: =IFERROR(IS_Flow!T18/((BS_Timeline!Q21+BS_Timeline!R21)/2),"") | R39: =IFERROR(IS_Flow!V18/((BS_Timeline!R21+BS_Timeline!S21)/2),"") | S39: =IFERROR(IS_Flow!W18/((BS_Timeline!S21+BS_Timeline!T21)/2),"") | T39: =IFERROR(IS_Flow!X18/((BS_Timeline!T21+BS_Timeline!U21)/2),"") | U39: =IFERROR(IS_Flow!Y18/((BS_Timeline!U21+BS_Timeline!V21)/2),"")
A40: D/E (เท่า) | B40: =IFERROR(BS_Timeline!C22/BS_Timeline!C21,"") | C40: =IFERROR(BS_Timeline!D22/BS_Timeline!D21,"") | D40: =IFERROR(BS_Timeline!E22/BS_Timeline!E21,"") | E40: =IFERROR(BS_Timeline!F22/BS_Timeline!F21,"") | F40: =IFERROR(BS_Timeline!G22/BS_Timeline!G21,"") | G40: =IFERROR(BS_Timeline!H22/BS_Timeline!H21,"") | H40: =IFERROR(BS_Timeline!I22/BS_Timeline!I21,"") | I40: =IFERROR(BS_Timeline!J22/BS_Timeline!J21,"") | ... U40: =IFERROR(BS_Timeline!V22/BS_Timeline!V21,"")
A41: ■ ERW
A42: รายได้รวม (ล้านบาท) | B42: =IS_Flow!B21 | C42: =IS_Flow!C21 | D42: =IS_Flow!D21 | E42: =IS_Flow!E21 | F42: =IS_Flow!G21 | G42: =IS_Flow!H21 | H42: =IS_Flow!I21 | I42: =IS_Flow!J21 | J42: =IS_Flow!L21 | K42: =IS_Flow!M21 | L42: =IS_Flow!N21 | M42: =IS_Flow!O21 | N42: =IS_Flow!Q21 | O42: =IS_Flow!R21 | P42: =IS_Flow!S21 | Q42: =IS_Flow!T21 | R42: =IS_Flow!V21 | S42: =IS_Flow!W21 | T42: =IS_Flow!X21 | U42: =IS_Flow!Y21
A43: ต้นทุนขาย (ล้านบาท) | B43: =IS_Flow!B23 | C43: =IS_Flow!C23 | D43: =IS_Flow!D23 | E43: =IS_Flow!E23 | F43: =IS_Flow!G23 | G43: =IS_Flow!H23 | H43: =IS_Flow!I23 | I43: =IS_Flow!J23 | J43: =IS_Flow!L23 | K43: =IS_Flow!M23 | L43: =IS_Flow!N23 | M43: =IS_Flow!O23 | N43: =IS_Flow!Q23 | O43: =IS_Flow!R23 | P43: =IS_Flow!S23 | Q43: =IS_Flow!T23 | R43: =IS_Flow!V23 | S43: =IS_Flow!W23 | T43: =IS_Flow!X23 | U43: =IS_Flow!Y23
A44: กำไรสุทธิ (ล้านบาท) | B44: =IS_Flow!B24 | C44: =IS_Flow!C24 | D44: =IS_Flow!D24 | E44: =IS_Flow!E24 | F44: =IS_Flow!G24 | G44: =IS_Flow!H24 | H44: =IS_Flow!I24 | I44: =IS_Flow!J24 | J44: =IS_Flow!L24 | K44: =IS_Flow!M24 | L44: =IS_Flow!N24 | M44: =IS_Flow!O24 | N44: =IS_Flow!Q24 | O44: =IS_Flow!R24 | P44: =IS_Flow!S24 | Q44: =IS_Flow!T24 | R44: =IS_Flow!V24 | S44: =IS_Flow!W24 | T44: =IS_Flow!X24 | U44: =IS_Flow!Y24
A45: NPM (%) | B45: =IFERROR(IS_Flow!B24/IS_Flow!B21,"") | C45: =IFERROR(IS_Flow!C24/IS_Flow!C21,"") | D45: =IFERROR(IS_Flow!D24/IS_Flow!D21,"") | E45: =IFERROR(IS_Flow!E24/IS_Flow!E21,"") | F45: =IFERROR(IS_Flow!G24/IS_Flow!G21,"") | G45: =IFERROR(IS_Flow!H24/IS_Flow!H21,"") | H45: =IFERROR(IS_Flow!I24/IS_Flow!I21,"") | I45: =IFERROR(IS_Flow!J24/IS_Flow!J21,"") | J45: =IFERROR(IS_Flow!L24/IS_Flow!L21,"") | K45: =IFERROR(IS_Flow!M24/IS_Flow!M21,"") | L45: =IFERROR(IS_Flow!N24/IS_Flow!N21,"") | M45: =IFERROR(IS_Flow!O24/IS_Flow!O21,"") | N45: =IFERROR(IS_Flow!Q24/IS_Flow!Q21,"") | O45: =IFERROR(IS_Flow!R24/IS_Flow!R21,"") | P45: =IFERROR(IS_Flow!S24/IS_Flow!S21,"") | Q45: =IFERROR(IS_Flow!T24/IS_Flow!T21,"") | R45: =IFERROR(IS_Flow!V24/IS_Flow!V21,"") | S45: =IFERROR(IS_Flow!W24/IS_Flow!W21,"") | T45: =IFERROR(IS_Flow!X24/IS_Flow!X21,"") | U45: =IFERROR(IS_Flow!Y24/IS_Flow!Y21,"")
A46: Gross Margin (%) | B46: =IFERROR((IS_Flow!B21-IS_Flow!B22-IS_Flow!B23)/(IS_Flow!B21-IS_Flow!B22),"") | C46: =IFERROR((IS_Flow!C21-IS_Flow!C22-IS_Flow!C23)/(IS_Flow!C21-IS_Flow!C22),"") | D46: =IFERROR((IS_Flow!D21-IS_Flow!D22-IS_Flow!D23)/(IS_Flow!D21-IS_Flow!D22),"") | E46: =IFERROR((IS_Flow!E21-IS_Flow!E22-IS_Flow!E23)/(IS_Flow!E21-IS_Flow!E22),"") | F46: =IFERROR((IS_Flow!G21-IS_Flow!G22-IS_Flow!G23)/(IS_Flow!G21-IS_Flow!G22),"") | G46: =IFERROR((IS_Flow!H21-IS_Flow!H22-IS_Flow!H23)/(IS_Flow!H21-IS_Flow!H22),"") | H46: =IFERROR((IS_Flow!I21-IS_Flow!I22-IS_Flow!I23)/(IS_Flow!I21-IS_Flow!I22),"") | I46: =IFERROR((IS_Flow!J21-IS_Flow!J22-IS_Flow!J23)/(IS_Flow!J21-IS_Flow!J22),"") | J46: =IFERROR((IS_Flow!L21-IS_Flow!L22-IS_Flow!L23)/(IS_Flow!L21-IS_Flow!L22),"") | K46: =IFERROR((IS_Flow!M21-IS_Flow!M22-IS_Flow!M23)/(IS_Flow!M21-IS_Flow!M22),"") | L46: =IFERROR((IS_Flow!N21-IS_Flow!N22-IS_Flow!N23)/(IS_Flow!N21-IS_Flow!N22),"") | M46: =IFERROR((IS_Flow!O21-IS_Flow!O22-IS_Flow!O23)/(IS_Flow!O21-IS_Flow!O22),"") | N46: =IFERROR((IS_Flow!Q21-IS_Flow!Q22-IS_Flow!Q23)/(IS_Flow!Q21-IS_Flow!Q22),"") | O46: =IFERROR((IS_Flow!R21-IS_Flow!R22-IS_Flow!R23)/(IS_Flow!R21-IS_Flow!R22),"") | P46: =IFERROR((IS_Flow!S21-IS_Flow!S22-IS_Flow!S23)/(IS_Flow!S21-IS_Flow!S22),"") | Q46: =IFERROR((IS_Flow!T21-IS_Flow!T22-IS_Flow!T23)/(IS_Flow!T21-IS_Flow!T22),"") | R46: =IFERROR((IS_Flow!V21-IS_Flow!V22-IS_Flow!V23)/(IS_Flow!V21-IS_Flow!V22),"") | S46: =IFERROR((IS_Flow!W21-IS_Flow!W22-IS_Flow!W23)/(IS_Flow!W21-IS_Flow!W22),"") | T46: =IFERROR((IS_Flow!X21-IS_Flow!X22-IS_Flow!X23)/(IS_Flow!X21-IS_Flow!X22),"") | U46: =IFERROR((IS_Flow!Y21-IS_Flow!Y22-IS_Flow!Y23)/(IS_Flow!Y21-IS_Flow!Y22),"")
A47: DSO (วัน) | B47: =IFERROR(((BS_Timeline!B24+BS_Timeline!C24)/2)/IS_Flow!B21*90,"") | C47: =IFERROR(((BS_Timeline!C24+BS_Timeline!D24)/2)/IS_Flow!C21*91,"") | D47: =IFERROR(((BS_Timeline!D24+BS_Timeline!E24)/2)/IS_Flow!D21*92,"") | E47: =IFERROR(((BS_Timeline!E24+BS_Timeline!F24)/2)/IS_Flow!E21*92,"") | F47: =IFERROR(((BS_Timeline!F24+BS_Timeline!G24)/2)/IS_Flow!G21*90,"") | G47: =IFERROR(((BS_Timeline!G24+BS_Timeline!H24)/2)/IS_Flow!H21*91,"") | H47: =IFERROR(((BS_Timeline!H24+BS_Timeline!I24)/2)/IS_Flow!I21*92,"") | I47: =IFERROR(((BS_Timeline!I24+BS_Timeline!J24)/2)/IS_Flow!J21*92,"") | J47: =IFERROR(((BS_Timeline!J24+BS_Timeline!K24)/2)/IS_Flow!L21*90,"") | K47: =IFERROR(((BS_Timeline!K24+BS_Timeline!L24)/2)/IS_Flow!M21*91,"") | L47: =IFERROR(((BS_Timeline!L24+BS_Timeline!M24)/2)/IS_Flow!N21*92,"") | M47: =IFERROR(((BS_Timeline!M24+BS_Timeline!N24)/2)/IS_Flow!O21*92,"") | N47: =IFERROR(((BS_Timeline!N24+BS_Timeline!O24)/2)/IS_Flow!Q21*90,"") | O47: =IFERROR(((BS_Timeline!O24+BS_Timeline!P24)/2)/IS_Flow!R21*91,"") | P47: =IFERROR(((BS_Timeline!P24+BS_Timeline!Q24)/2)/IS_Flow!S21*92,"") | Q47: =IFERROR(((BS_Timeline!Q24+BS_Timeline!R24)/2)/IS_Flow!T21*92,"") | R47: =IFERROR(((BS_Timeline!R24+BS_Timeline!S24)/2)/IS_Flow!V21*90,"") | S47: =IFERROR(((BS_Timeline!S24+BS_Timeline!T24)/2)/IS_Flow!W21*91,"") | T47: =IFERROR(((BS_Timeline!T24+BS_Timeline!U24)/2)/IS_Flow!X21*92,"") | U47: =IFERROR(((BS_Timeline!U24+BS_Timeline!V24)/2)/IS_Flow!Y21*92,"")
A48: DIO (วัน) | B48: =IFERROR(((BS_Timeline!B25+BS_Timeline!C25)/2)/IS_Flow!B23*90,"") | C48: =IFERROR(((BS_Timeline!C25+BS_Timeline!D25)/2)/IS_Flow!C23*91,"") | D48: =IFERROR(((BS_Timeline!D25+BS_Timeline!E25)/2)/IS_Flow!D23*92,"") | E48: =IFERROR(((BS_Timeline!E25+BS_Timeline!F25)/2)/IS_Flow!E23*92,"") | F48: =IFERROR(((BS_Timeline!F25+BS_Timeline!G25)/2)/IS_Flow!G23*90,"") | G48: =IFERROR(((BS_Timeline!G25+BS_Timeline!H25)/2)/IS_Flow!H23*91,"") | H48: =IFERROR(((BS_Timeline!H25+BS_Timeline!I25)/2)/IS_Flow!I23*92,"") | I48: =IFERROR(((BS_Timeline!I25+BS_Timeline!J25)/2)/IS_Flow!J23*92,"") | J48: =IFERROR(((BS_Timeline!J25+BS_Timeline!K25)/2)/IS_Flow!L23*90,"") | K48: =IFERROR(((BS_Timeline!K25+BS_Timeline!L25)/2)/IS_Flow!M23*91,"") | L48: =IFERROR(((BS_Timeline!L25+BS_Timeline!M25)/2)/IS_Flow!N23*92,"") | M48: =IFERROR(((BS_Timeline!M25+BS_Timeline!N25)/2)/IS_Flow!O23*92,"") | N48: =IFERROR(((BS_Timeline!N25+BS_Timeline!O25)/2)/IS_Flow!Q23*90,"") | O48: =IFERROR(((BS_Timeline!O25+BS_Timeline!P25)/2)/IS_Flow!R23*91,"") | P48: =IFERROR(((BS_Timeline!P25+BS_Timeline!Q25)/2)/IS_Flow!S23*92,"") | Q48: =IFERROR(((BS_Timeline!Q25+BS_Timeline!R25)/2)/IS_Flow!T23*92,"") | R48: =IFERROR(((BS_Timeline!R25+BS_Timeline!S25)/2)/IS_Flow!V23*90,"") | S48: =IFERROR(((BS_Timeline!S25+BS_Timeline!T25)/2)/IS_Flow!W23*91,"") | T48: =IFERROR(((BS_Timeline!T25+BS_Timeline!U25)/2)/IS_Flow!X23*92,"") | U48: =IFERROR(((BS_Timeline!U25+BS_Timeline!V25)/2)/IS_Flow!Y23*92,"")
A49: DPO (วัน) | B49: =IFERROR(((BS_Timeline!B26+BS_Timeline!C26)/2)/IS_Flow!B23*90,"") | C49: =IFERROR(((BS_Timeline!C26+BS_Timeline!D26)/2)/IS_Flow!C23*91,"") | D49: =IFERROR(((BS_Timeline!D26+BS_Timeline!E26)/2)/IS_Flow!D23*92,"") | E49: =IFERROR(((BS_Timeline!E26+BS_Timeline!F26)/2)/IS_Flow!E23*92,"") | F49: =IFERROR(((BS_Timeline!F26+BS_Timeline!G26)/2)/IS_Flow!G23*90,"") | G49: =IFERROR(((BS_Timeline!G26+BS_Timeline!H26)/2)/IS_Flow!H23*91,"") | H49: =IFERROR(((BS_Timeline!H26+BS_Timeline!I26)/2)/IS_Flow!I23*92,"") | I49: =IFERROR(((BS_Timeline!I26+BS_Timeline!J26)/2)/IS_Flow!J23*92,"") | J49: =IFERROR(((BS_Timeline!J26+BS_Timeline!K26)/2)/IS_Flow!L23*90,"") | K49: =IFERROR(((BS_Timeline!K26+BS_Timeline!L26)/2)/IS_Flow!M23*91,"") | L49: =IFERROR(((BS_Timeline!L26+BS_Timeline!M26)/2)/IS_Flow!N23*92,"") | M49: =IFERROR(((BS_Timeline!M26+BS_Timeline!N26)/2)/IS_Flow!O23*92,"") | N49: =IFERROR(((BS_Timeline!N26+BS_Timeline!O26)/2)/IS_Flow!Q23*90,"") | O49: =IFERROR(((BS_Timeline!O26+BS_Timeline!P26)/2)/IS_Flow!R23*91,"") | P49: =IFERROR(((BS_Timeline!P26+BS_Timeline!Q26)/2)/IS_Flow!S23*92,"") | Q49: =IFERROR(((BS_Timeline!Q26+BS_Timeline!R26)/2)/IS_Flow!T23*92,"") | R49: =IFERROR(((BS_Timeline!R26+BS_Timeline!S26)/2)/IS_Flow!V23*90,"") | S49: =IFERROR(((BS_Timeline!S26+BS_Timeline!T26)/2)/IS_Flow!W23*91,"") | T49: =IFERROR(((BS_Timeline!T26+BS_Timeline!U26)/2)/IS_Flow!X23*92,"") | U49: =IFERROR(((BS_Timeline!U26+BS_Timeline!V26)/2)/IS_Flow!Y23*92,"")
A50: CCC (วัน) | B50: =IFERROR(B47+B48-B49,"") | C50: =IFERROR(C47+C48-C49,"") | D50: =IFERROR(D47+D48-D49,"") | E50: =IFERROR(E47+E48-E49,"") | F50: =IFERROR(F47+F48-F49,"") | G50: =IFERROR(G47+G48-G49,"") | H50: =IFERROR(H47+H48-H49,"") | I50: =IFERROR(I47+I48-I49,"") | ... U50: =IFERROR(U47+U48-U49,"")
A51: ROA รายไตรมาส (%) | B51: =IFERROR(IS_Flow!B24/((BS_Timeline!B27+BS_Timeline!C27)/2),"") | C51: =IFERROR(IS_Flow!C24/((BS_Timeline!C27+BS_Timeline!D27)/2),"") | D51: =IFERROR(IS_Flow!D24/((BS_Timeline!D27+BS_Timeline!E27)/2),"") | E51: =IFERROR(IS_Flow!E24/((BS_Timeline!E27+BS_Timeline!F27)/2),"") | F51: =IFERROR(IS_Flow!G24/((BS_Timeline!F27+BS_Timeline!G27)/2),"") | G51: =IFERROR(IS_Flow!H24/((BS_Timeline!G27+BS_Timeline!H27)/2),"") | H51: =IFERROR(IS_Flow!I24/((BS_Timeline!H27+BS_Timeline!I27)/2),"") | I51: =IFERROR(IS_Flow!J24/((BS_Timeline!I27+BS_Timeline!J27)/2),"") | J51: =IFERROR(IS_Flow!L24/((BS_Timeline!J27+BS_Timeline!K27)/2),"") | K51: =IFERROR(IS_Flow!M24/((BS_Timeline!K27+BS_Timeline!L27)/2),"") | L51: =IFERROR(IS_Flow!N24/((BS_Timeline!L27+BS_Timeline!M27)/2),"") | M51: =IFERROR(IS_Flow!O24/((BS_Timeline!M27+BS_Timeline!N27)/2),"") | N51: =IFERROR(IS_Flow!Q24/((BS_Timeline!N27+BS_Timeline!O27)/2),"") | O51: =IFERROR(IS_Flow!R24/((BS_Timeline!O27+BS_Timeline!P27)/2),"") | P51: =IFERROR(IS_Flow!S24/((BS_Timeline!P27+BS_Timeline!Q27)/2),"") | Q51: =IFERROR(IS_Flow!T24/((BS_Timeline!Q27+BS_Timeline!R27)/2),"") | R51: =IFERROR(IS_Flow!V24/((BS_Timeline!R27+BS_Timeline!S27)/2),"") | S51: =IFERROR(IS_Flow!W24/((BS_Timeline!S27+BS_Timeline!T27)/2),"") | T51: =IFERROR(IS_Flow!X24/((BS_Timeline!T27+BS_Timeline!U27)/2),"") | U51: =IFERROR(IS_Flow!Y24/((BS_Timeline!U27+BS_Timeline!V27)/2),"")
A52: ROE รายไตรมาส (%) | B52: =IFERROR(IS_Flow!B24/((BS_Timeline!B28+BS_Timeline!C28)/2),"") | C52: =IFERROR(IS_Flow!C24/((BS_Timeline!C28+BS_Timeline!D28)/2),"") | D52: =IFERROR(IS_Flow!D24/((BS_Timeline!D28+BS_Timeline!E28)/2),"") | E52: =IFERROR(IS_Flow!E24/((BS_Timeline!E28+BS_Timeline!F28)/2),"") | F52: =IFERROR(IS_Flow!G24/((BS_Timeline!F28+BS_Timeline!G28)/2),"") | G52: =IFERROR(IS_Flow!H24/((BS_Timeline!G28+BS_Timeline!H28)/2),"") | H52: =IFERROR(IS_Flow!I24/((BS_Timeline!H28+BS_Timeline!I28)/2),"") | I52: =IFERROR(IS_Flow!J24/((BS_Timeline!I28+BS_Timeline!J28)/2),"") | J52: =IFERROR(IS_Flow!L24/((BS_Timeline!J28+BS_Timeline!K28)/2),"") | K52: =IFERROR(IS_Flow!M24/((BS_Timeline!K28+BS_Timeline!L28)/2),"") | L52: =IFERROR(IS_Flow!N24/((BS_Timeline!L28+BS_Timeline!M28)/2),"") | M52: =IFERROR(IS_Flow!O24/((BS_Timeline!M28+BS_Timeline!N28)/2),"") | N52: =IFERROR(IS_Flow!Q24/((BS_Timeline!N28+BS_Timeline!O28)/2),"") | O52: =IFERROR(IS_Flow!R24/((BS_Timeline!O28+BS_Timeline!P28)/2),"") | P52: =IFERROR(IS_Flow!S24/((BS_Timeline!P28+BS_Timeline!Q28)/2),"") | Q52: =IFERROR(IS_Flow!T24/((BS_Timeline!Q28+BS_Timeline!R28)/2),"") | R52: =IFERROR(IS_Flow!V24/((BS_Timeline!R28+BS_Timeline!S28)/2),"") | S52: =IFERROR(IS_Flow!W24/((BS_Timeline!S28+BS_Timeline!T28)/2),"") | T52: =IFERROR(IS_Flow!X24/((BS_Timeline!T28+BS_Timeline!U28)/2),"") | U52: =IFERROR(IS_Flow!Y24/((BS_Timeline!U28+BS_Timeline!V28)/2),"")
A53: D/E (เท่า) | B53: =IFERROR(BS_Timeline!C29/BS_Timeline!C28,"") | C53: =IFERROR(BS_Timeline!D29/BS_Timeline!D28,"") | D53: =IFERROR(BS_Timeline!E29/BS_Timeline!E28,"") | E53: =IFERROR(BS_Timeline!F29/BS_Timeline!F28,"") | F53: =IFERROR(BS_Timeline!G29/BS_Timeline!G28,"") | G53: =IFERROR(BS_Timeline!H29/BS_Timeline!H28,"") | H53: =IFERROR(BS_Timeline!I29/BS_Timeline!I28,"") | I53: =IFERROR(BS_Timeline!J29/BS_Timeline!J28,"") | ... U53: =IFERROR(BS_Timeline!V29/BS_Timeline!V28,"")
A54: ■ MANRIN
A55: รายได้รวม (ล้านบาท) | B55: =IS_Flow!B27 | C55: =IS_Flow!C27 | D55: =IS_Flow!D27 | E55: =IS_Flow!E27 | F55: =IS_Flow!G27 | G55: =IS_Flow!H27 | H55: =IS_Flow!I27 | I55: =IS_Flow!J27 | J55: =IS_Flow!L27 | K55: =IS_Flow!M27 | L55: =IS_Flow!N27 | M55: =IS_Flow!O27 | N55: =IS_Flow!Q27 | O55: =IS_Flow!R27 | P55: =IS_Flow!S27 | Q55: =IS_Flow!T27 | R55: =IS_Flow!V27 | S55: =IS_Flow!W27 | T55: =IS_Flow!X27 | U55: =IS_Flow!Y27
A56: ต้นทุนขาย (ล้านบาท) | B56: =IS_Flow!B29 | C56: =IS_Flow!C29 | D56: =IS_Flow!D29 | E56: =IS_Flow!E29 | F56: =IS_Flow!G29 | G56: =IS_Flow!H29 | H56: =IS_Flow!I29 | I56: =IS_Flow!J29 | J56: =IS_Flow!L29 | K56: =IS_Flow!M29 | L56: =IS_Flow!N29 | M56: =IS_Flow!O29 | N56: =IS_Flow!Q29 | O56: =IS_Flow!R29 | P56: =IS_Flow!S29 | Q56: =IS_Flow!T29 | R56: =IS_Flow!V29 | S56: =IS_Flow!W29 | T56: =IS_Flow!X29 | U56: =IS_Flow!Y29
A57: กำไรสุทธิ (ล้านบาท) | B57: =IS_Flow!B30 | C57: =IS_Flow!C30 | D57: =IS_Flow!D30 | E57: =IS_Flow!E30 | F57: =IS_Flow!G30 | G57: =IS_Flow!H30 | H57: =IS_Flow!I30 | I57: =IS_Flow!J30 | J57: =IS_Flow!L30 | K57: =IS_Flow!M30 | L57: =IS_Flow!N30 | M57: =IS_Flow!O30 | N57: =IS_Flow!Q30 | O57: =IS_Flow!R30 | P57: =IS_Flow!S30 | Q57: =IS_Flow!T30 | R57: =IS_Flow!V30 | S57: =IS_Flow!W30 | T57: =IS_Flow!X30 | U57: =IS_Flow!Y30
A58: NPM (%) | B58: =IFERROR(IS_Flow!B30/IS_Flow!B27,"") | C58: =IFERROR(IS_Flow!C30/IS_Flow!C27,"") | D58: =IFERROR(IS_Flow!D30/IS_Flow!D27,"") | E58: =IFERROR(IS_Flow!E30/IS_Flow!E27,"") | F58: =IFERROR(IS_Flow!G30/IS_Flow!G27,"") | G58: =IFERROR(IS_Flow!H30/IS_Flow!H27,"") | H58: =IFERROR(IS_Flow!I30/IS_Flow!I27,"") | I58: =IFERROR(IS_Flow!J30/IS_Flow!J27,"") | J58: =IFERROR(IS_Flow!L30/IS_Flow!L27,"") | K58: =IFERROR(IS_Flow!M30/IS_Flow!M27,"") | L58: =IFERROR(IS_Flow!N30/IS_Flow!N27,"") | M58: =IFERROR(IS_Flow!O30/IS_Flow!O27,"") | N58: =IFERROR(IS_Flow!Q30/IS_Flow!Q27,"") | O58: =IFERROR(IS_Flow!R30/IS_Flow!R27,"") | P58: =IFERROR(IS_Flow!S30/IS_Flow!S27,"") | Q58: =IFERROR(IS_Flow!T30/IS_Flow!T27,"") | R58: =IFERROR(IS_Flow!V30/IS_Flow!V27,"") | S58: =IFERROR(IS_Flow!W30/IS_Flow!W27,"") | T58: =IFERROR(IS_Flow!X30/IS_Flow!X27,"") | U58: =IFERROR(IS_Flow!Y30/IS_Flow!Y27,"")
A59: Gross Margin (%) | B59: =IFERROR((IS_Flow!B27-IS_Flow!B28-IS_Flow!B29)/(IS_Flow!B27-IS_Flow!B28),"") | C59: =IFERROR((IS_Flow!C27-IS_Flow!C28-IS_Flow!C29)/(IS_Flow!C27-IS_Flow!C28),"") | D59: =IFERROR((IS_Flow!D27-IS_Flow!D28-IS_Flow!D29)/(IS_Flow!D27-IS_Flow!D28),"") | E59: =IFERROR((IS_Flow!E27-IS_Flow!E28-IS_Flow!E29)/(IS_Flow!E27-IS_Flow!E28),"") | F59: =IFERROR((IS_Flow!G27-IS_Flow!G28-IS_Flow!G29)/(IS_Flow!G27-IS_Flow!G28),"") | G59: =IFERROR((IS_Flow!H27-IS_Flow!H28-IS_Flow!H29)/(IS_Flow!H27-IS_Flow!H28),"") | H59: =IFERROR((IS_Flow!I27-IS_Flow!I28-IS_Flow!I29)/(IS_Flow!I27-IS_Flow!I28),"") | I59: =IFERROR((IS_Flow!J27-IS_Flow!J28-IS_Flow!J29)/(IS_Flow!J27-IS_Flow!J28),"") | J59: =IFERROR((IS_Flow!L27-IS_Flow!L28-IS_Flow!L29)/(IS_Flow!L27-IS_Flow!L28),"") | K59: =IFERROR((IS_Flow!M27-IS_Flow!M28-IS_Flow!M29)/(IS_Flow!M27-IS_Flow!M28),"") | L59: =IFERROR((IS_Flow!N27-IS_Flow!N28-IS_Flow!N29)/(IS_Flow!N27-IS_Flow!N28),"") | M59: =IFERROR((IS_Flow!O27-IS_Flow!O28-IS_Flow!O29)/(IS_Flow!O27-IS_Flow!O28),"") | N59: =IFERROR((IS_Flow!Q27-IS_Flow!Q28-IS_Flow!Q29)/(IS_Flow!Q27-IS_Flow!Q28),"") | O59: =IFERROR((IS_Flow!R27-IS_Flow!R28-IS_Flow!R29)/(IS_Flow!R27-IS_Flow!R28),"") | P59: =IFERROR((IS_Flow!S27-IS_Flow!S28-IS_Flow!S29)/(IS_Flow!S27-IS_Flow!S28),"") | Q59: =IFERROR((IS_Flow!T27-IS_Flow!T28-IS_Flow!T29)/(IS_Flow!T27-IS_Flow!T28),"") | R59: =IFERROR((IS_Flow!V27-IS_Flow!V28-IS_Flow!V29)/(IS_Flow!V27-IS_Flow!V28),"") | S59: =IFERROR((IS_Flow!W27-IS_Flow!W28-IS_Flow!W29)/(IS_Flow!W27-IS_Flow!W28),"") | T59: =IFERROR((IS_Flow!X27-IS_Flow!X28-IS_Flow!X29)/(IS_Flow!X27-IS_Flow!X28),"") | U59: =IFERROR((IS_Flow!Y27-IS_Flow!Y28-IS_Flow!Y29)/(IS_Flow!Y27-IS_Flow!Y28),"")
A60: DSO (วัน) | B60: =IFERROR(((BS_Timeline!B31+BS_Timeline!C31)/2)/IS_Flow!B27*90,"") | C60: =IFERROR(((BS_Timeline!C31+BS_Timeline!D31)/2)/IS_Flow!C27*91,"") | D60: =IFERROR(((BS_Timeline!D31+BS_Timeline!E31)/2)/IS_Flow!D27*92,"") | E60: =IFERROR(((BS_Timeline!E31+BS_Timeline!F31)/2)/IS_Flow!E27*92,"") | F60: =IFERROR(((BS_Timeline!F31+BS_Timeline!G31)/2)/IS_Flow!G27*90,"") | G60: =IFERROR(((BS_Timeline!G31+BS_Timeline!H31)/2)/IS_Flow!H27*91,"") | H60: =IFERROR(((BS_Timeline!H31+BS_Timeline!I31)/2)/IS_Flow!I27*92,"") | I60: =IFERROR(((BS_Timeline!I31+BS_Timeline!J31)/2)/IS_Flow!J27*92,"") | J60: =IFERROR(((BS_Timeline!J31+BS_Timeline!K31)/2)/IS_Flow!L27*90,"") | K60: =IFERROR(((BS_Timeline!K31+BS_Timeline!L31)/2)/IS_Flow!M27*91,"") | L60: =IFERROR(((BS_Timeline!L31+BS_Timeline!M31)/2)/IS_Flow!N27*92,"") | M60: =IFERROR(((BS_Timeline!M31+BS_Timeline!N31)/2)/IS_Flow!O27*92,"") | N60: =IFERROR(((BS_Timeline!N31+BS_Timeline!O31)/2)/IS_Flow!Q27*90,"") | O60: =IFERROR(((BS_Timeline!O31+BS_Timeline!P31)/2)/IS_Flow!R27*91,"") | P60: =IFERROR(((BS_Timeline!P31+BS_Timeline!Q31)/2)/IS_Flow!S27*92,"") | Q60: =IFERROR(((BS_Timeline!Q31+BS_Timeline!R31)/2)/IS_Flow!T27*92,"") | R60: =IFERROR(((BS_Timeline!R31+BS_Timeline!S31)/2)/IS_Flow!V27*90,"") | S60: =IFERROR(((BS_Timeline!S31+BS_Timeline!T31)/2)/IS_Flow!W27*91,"") | T60: =IFERROR(((BS_Timeline!T31+BS_Timeline!U31)/2)/IS_Flow!X27*92,"") | U60: =IFERROR(((BS_Timeline!U31+BS_Timeline!V31)/2)/IS_Flow!Y27*92,"")
A61: DIO (วัน) | B61: =IFERROR(((BS_Timeline!B32+BS_Timeline!C32)/2)/IS_Flow!B29*90,"") | C61: =IFERROR(((BS_Timeline!C32+BS_Timeline!D32)/2)/IS_Flow!C29*91,"") | D61: =IFERROR(((BS_Timeline!D32+BS_Timeline!E32)/2)/IS_Flow!D29*92,"") | E61: =IFERROR(((BS_Timeline!E32+BS_Timeline!F32)/2)/IS_Flow!E29*92,"") | F61: =IFERROR(((BS_Timeline!F32+BS_Timeline!G32)/2)/IS_Flow!G29*90,"") | G61: =IFERROR(((BS_Timeline!G32+BS_Timeline!H32)/2)/IS_Flow!H29*91,"") | H61: =IFERROR(((BS_Timeline!H32+BS_Timeline!I32)/2)/IS_Flow!I29*92,"") | I61: =IFERROR(((BS_Timeline!I32+BS_Timeline!J32)/2)/IS_Flow!J29*92,"") | J61: =IFERROR(((BS_Timeline!J32+BS_Timeline!K32)/2)/IS_Flow!L29*90,"") | K61: =IFERROR(((BS_Timeline!K32+BS_Timeline!L32)/2)/IS_Flow!M29*91,"") | L61: =IFERROR(((BS_Timeline!L32+BS_Timeline!M32)/2)/IS_Flow!N29*92,"") | M61: =IFERROR(((BS_Timeline!M32+BS_Timeline!N32)/2)/IS_Flow!O29*92,"") | N61: =IFERROR(((BS_Timeline!N32+BS_Timeline!O32)/2)/IS_Flow!Q29*90,"") | O61: =IFERROR(((BS_Timeline!O32+BS_Timeline!P32)/2)/IS_Flow!R29*91,"") | P61: =IFERROR(((BS_Timeline!P32+BS_Timeline!Q32)/2)/IS_Flow!S29*92,"") | Q61: =IFERROR(((BS_Timeline!Q32+BS_Timeline!R32)/2)/IS_Flow!T29*92,"") | R61: =IFERROR(((BS_Timeline!R32+BS_Timeline!S32)/2)/IS_Flow!V29*90,"") | S61: =IFERROR(((BS_Timeline!S32+BS_Timeline!T32)/2)/IS_Flow!W29*91,"") | T61: =IFERROR(((BS_Timeline!T32+BS_Timeline!U32)/2)/IS_Flow!X29*92,"") | U61: =IFERROR(((BS_Timeline!U32+BS_Timeline!V32)/2)/IS_Flow!Y29*92,"")
A62: DPO (วัน) | B62: =IFERROR(((BS_Timeline!B33+BS_Timeline!C33)/2)/IS_Flow!B29*90,"") | C62: =IFERROR(((BS_Timeline!C33+BS_Timeline!D33)/2)/IS_Flow!C29*91,"") | D62: =IFERROR(((BS_Timeline!D33+BS_Timeline!E33)/2)/IS_Flow!D29*92,"") | E62: =IFERROR(((BS_Timeline!E33+BS_Timeline!F33)/2)/IS_Flow!E29*92,"") | F62: =IFERROR(((BS_Timeline!F33+BS_Timeline!G33)/2)/IS_Flow!G29*90,"") | G62: =IFERROR(((BS_Timeline!G33+BS_Timeline!H33)/2)/IS_Flow!H29*91,"") | H62: =IFERROR(((BS_Timeline!H33+BS_Timeline!I33)/2)/IS_Flow!I29*92,"") | I62: =IFERROR(((BS_Timeline!I33+BS_Timeline!J33)/2)/IS_Flow!J29*92,"") | J62: =IFERROR(((BS_Timeline!J33+BS_Timeline!K33)/2)/IS_Flow!L29*90,"") | K62: =IFERROR(((BS_Timeline!K33+BS_Timeline!L33)/2)/IS_Flow!M29*91,"") | L62: =IFERROR(((BS_Timeline!L33+BS_Timeline!M33)/2)/IS_Flow!N29*92,"") | M62: =IFERROR(((BS_Timeline!M33+BS_Timeline!N33)/2)/IS_Flow!O29*92,"") | N62: =IFERROR(((BS_Timeline!N33+BS_Timeline!O33)/2)/IS_Flow!Q29*90,"") | O62: =IFERROR(((BS_Timeline!O33+BS_Timeline!P33)/2)/IS_Flow!R29*91,"") | P62: =IFERROR(((BS_Timeline!P33+BS_Timeline!Q33)/2)/IS_Flow!S29*92,"") | Q62: =IFERROR(((BS_Timeline!Q33+BS_Timeline!R33)/2)/IS_Flow!T29*92,"") | R62: =IFERROR(((BS_Timeline!R33+BS_Timeline!S33)/2)/IS_Flow!V29*90,"") | S62: =IFERROR(((BS_Timeline!S33+BS_Timeline!T33)/2)/IS_Flow!W29*91,"") | T62: =IFERROR(((BS_Timeline!T33+BS_Timeline!U33)/2)/IS_Flow!X29*92,"") | U62: =IFERROR(((BS_Timeline!U33+BS_Timeline!V33)/2)/IS_Flow!Y29*92,"")
A63: CCC (วัน) | B63: =IFERROR(B60+B61-B62,"") | C63: =IFERROR(C60+C61-C62,"") | D63: =IFERROR(D60+D61-D62,"") | E63: =IFERROR(E60+E61-E62,"") | F63: =IFERROR(F60+F61-F62,"") | G63: =IFERROR(G60+G61-G62,"") | H63: =IFERROR(H60+H61-H62,"") | I63: =IFERROR(I60+I61-I62,"") | ... U63: =IFERROR(U60+U61-U62,"")
A64: ROA รายไตรมาส (%) | B64: =IFERROR(IS_Flow!B30/((BS_Timeline!B34+BS_Timeline!C34)/2),"") | C64: =IFERROR(IS_Flow!C30/((BS_Timeline!C34+BS_Timeline!D34)/2),"") | D64: =IFERROR(IS_Flow!D30/((BS_Timeline!D34+BS_Timeline!E34)/2),"") | E64: =IFERROR(IS_Flow!E30/((BS_Timeline!E34+BS_Timeline!F34)/2),"") | F64: =IFERROR(IS_Flow!G30/((BS_Timeline!F34+BS_Timeline!G34)/2),"") | G64: =IFERROR(IS_Flow!H30/((BS_Timeline!G34+BS_Timeline!H34)/2),"") | H64: =IFERROR(IS_Flow!I30/((BS_Timeline!H34+BS_Timeline!I34)/2),"") | I64: =IFERROR(IS_Flow!J30/((BS_Timeline!I34+BS_Timeline!J34)/2),"") | J64: =IFERROR(IS_Flow!L30/((BS_Timeline!J34+BS_Timeline!K34)/2),"") | K64: =IFERROR(IS_Flow!M30/((BS_Timeline!K34+BS_Timeline!L34)/2),"") | L64: =IFERROR(IS_Flow!N30/((BS_Timeline!L34+BS_Timeline!M34)/2),"") | M64: =IFERROR(IS_Flow!O30/((BS_Timeline!M34+BS_Timeline!N34)/2),"") | N64: =IFERROR(IS_Flow!Q30/((BS_Timeline!N34+BS_Timeline!O34)/2),"") | O64: =IFERROR(IS_Flow!R30/((BS_Timeline!O34+BS_Timeline!P34)/2),"") | P64: =IFERROR(IS_Flow!S30/((BS_Timeline!P34+BS_Timeline!Q34)/2),"") | Q64: =IFERROR(IS_Flow!T30/((BS_Timeline!Q34+BS_Timeline!R34)/2),"") | R64: =IFERROR(IS_Flow!V30/((BS_Timeline!R34+BS_Timeline!S34)/2),"") | S64: =IFERROR(IS_Flow!W30/((BS_Timeline!S34+BS_Timeline!T34)/2),"") | T64: =IFERROR(IS_Flow!X30/((BS_Timeline!T34+BS_Timeline!U34)/2),"") | U64: =IFERROR(IS_Flow!Y30/((BS_Timeline!U34+BS_Timeline!V34)/2),"")
A65: ROE รายไตรมาส (%) | B65: =IFERROR(IS_Flow!B30/((BS_Timeline!B35+BS_Timeline!C35)/2),"") | C65: =IFERROR(IS_Flow!C30/((BS_Timeline!C35+BS_Timeline!D35)/2),"") | D65: =IFERROR(IS_Flow!D30/((BS_Timeline!D35+BS_Timeline!E35)/2),"") | E65: =IFERROR(IS_Flow!E30/((BS_Timeline!E35+BS_Timeline!F35)/2),"") | F65: =IFERROR(IS_Flow!G30/((BS_Timeline!F35+BS_Timeline!G35)/2),"") | G65: =IFERROR(IS_Flow!H30/((BS_Timeline!G35+BS_Timeline!H35)/2),"") | H65: =IFERROR(IS_Flow!I30/((BS_Timeline!H35+BS_Timeline!I35)/2),"") | I65: =IFERROR(IS_Flow!J30/((BS_Timeline!I35+BS_Timeline!J35)/2),"") | J65: =IFERROR(IS_Flow!L30/((BS_Timeline!J35+BS_Timeline!K35)/2),"") | K65: =IFERROR(IS_Flow!M30/((BS_Timeline!K35+BS_Timeline!L35)/2),"") | L65: =IFERROR(IS_Flow!N30/((BS_Timeline!L35+BS_Timeline!M35)/2),"") | M65: =IFERROR(IS_Flow!O30/((BS_Timeline!M35+BS_Timeline!N35)/2),"") | N65: =IFERROR(IS_Flow!Q30/((BS_Timeline!N35+BS_Timeline!O35)/2),"") | O65: =IFERROR(IS_Flow!R30/((BS_Timeline!O35+BS_Timeline!P35)/2),"") | P65: =IFERROR(IS_Flow!S30/((BS_Timeline!P35+BS_Timeline!Q35)/2),"") | Q65: =IFERROR(IS_Flow!T30/((BS_Timeline!Q35+BS_Timeline!R35)/2),"") | R65: =IFERROR(IS_Flow!V30/((BS_Timeline!R35+BS_Timeline!S35)/2),"") | S65: =IFERROR(IS_Flow!W30/((BS_Timeline!S35+BS_Timeline!T35)/2),"") | T65: =IFERROR(IS_Flow!X30/((BS_Timeline!T35+BS_Timeline!U35)/2),"") | U65: =IFERROR(IS_Flow!Y30/((BS_Timeline!U35+BS_Timeline!V35)/2),"")
A66: D/E (เท่า) | B66: =IFERROR(BS_Timeline!C36/BS_Timeline!C35,"") | C66: =IFERROR(BS_Timeline!D36/BS_Timeline!D35,"") | D66: =IFERROR(BS_Timeline!E36/BS_Timeline!E35,"") | E66: =IFERROR(BS_Timeline!F36/BS_Timeline!F35,"") | F66: =IFERROR(BS_Timeline!G36/BS_Timeline!G35,"") | G66: =IFERROR(BS_Timeline!H36/BS_Timeline!H35,"") | H66: =IFERROR(BS_Timeline!I36/BS_Timeline!I35,"") | I66: =IFERROR(BS_Timeline!J36/BS_Timeline!J35,"") | ... U66: =IFERROR(BS_Timeline!V36/BS_Timeline!V35,"")
A67: ■ MINT
A68: รายได้รวม (ล้านบาท) | B68: =IS_Flow!B33 | C68: =IS_Flow!C33 | D68: =IS_Flow!D33 | E68: =IS_Flow!E33 | F68: =IS_Flow!G33 | G68: =IS_Flow!H33 | H68: =IS_Flow!I33 | I68: =IS_Flow!J33 | J68: =IS_Flow!L33 | K68: =IS_Flow!M33 | L68: =IS_Flow!N33 | M68: =IS_Flow!O33 | N68: =IS_Flow!Q33 | O68: =IS_Flow!R33 | P68: =IS_Flow!S33 | Q68: =IS_Flow!T33 | R68: =IS_Flow!V33 | S68: =IS_Flow!W33 | T68: =IS_Flow!X33 | U68: =IS_Flow!Y33
A69: ต้นทุนขาย (ล้านบาท) | B69: =IS_Flow!B35 | C69: =IS_Flow!C35 | D69: =IS_Flow!D35 | E69: =IS_Flow!E35 | F69: =IS_Flow!G35 | G69: =IS_Flow!H35 | H69: =IS_Flow!I35 | I69: =IS_Flow!J35 | J69: =IS_Flow!L35 | K69: =IS_Flow!M35 | L69: =IS_Flow!N35 | M69: =IS_Flow!O35 | N69: =IS_Flow!Q35 | O69: =IS_Flow!R35 | P69: =IS_Flow!S35 | Q69: =IS_Flow!T35 | R69: =IS_Flow!V35 | S69: =IS_Flow!W35 | T69: =IS_Flow!X35 | U69: =IS_Flow!Y35
A70: กำไรสุทธิ (ล้านบาท) | B70: =IS_Flow!B36 | C70: =IS_Flow!C36 | D70: =IS_Flow!D36 | E70: =IS_Flow!E36 | F70: =IS_Flow!G36 | G70: =IS_Flow!H36 | H70: =IS_Flow!I36 | I70: =IS_Flow!J36 | J70: =IS_Flow!L36 | K70: =IS_Flow!M36 | L70: =IS_Flow!N36 | M70: =IS_Flow!O36 | N70: =IS_Flow!Q36 | O70: =IS_Flow!R36 | P70: =IS_Flow!S36 | Q70: =IS_Flow!T36 | R70: =IS_Flow!V36 | S70: =IS_Flow!W36 | T70: =IS_Flow!X36 | U70: =IS_Flow!Y36
A71: NPM (%) | B71: =IFERROR(IS_Flow!B36/IS_Flow!B33,"") | C71: =IFERROR(IS_Flow!C36/IS_Flow!C33,"") | D71: =IFERROR(IS_Flow!D36/IS_Flow!D33,"") | E71: =IFERROR(IS_Flow!E36/IS_Flow!E33,"") | F71: =IFERROR(IS_Flow!G36/IS_Flow!G33,"") | G71: =IFERROR(IS_Flow!H36/IS_Flow!H33,"") | H71: =IFERROR(IS_Flow!I36/IS_Flow!I33,"") | I71: =IFERROR(IS_Flow!J36/IS_Flow!J33,"") | J71: =IFERROR(IS_Flow!L36/IS_Flow!L33,"") | K71: =IFERROR(IS_Flow!M36/IS_Flow!M33,"") | L71: =IFERROR(IS_Flow!N36/IS_Flow!N33,"") | M71: =IFERROR(IS_Flow!O36/IS_Flow!O33,"") | N71: =IFERROR(IS_Flow!Q36/IS_Flow!Q33,"") | O71: =IFERROR(IS_Flow!R36/IS_Flow!R33,"") | P71: =IFERROR(IS_Flow!S36/IS_Flow!S33,"") | Q71: =IFERROR(IS_Flow!T36/IS_Flow!T33,"") | R71: =IFERROR(IS_Flow!V36/IS_Flow!V33,"") | S71: =IFERROR(IS_Flow!W36/IS_Flow!W33,"") | T71: =IFERROR(IS_Flow!X36/IS_Flow!X33,"") | U71: =IFERROR(IS_Flow!Y36/IS_Flow!Y33,"")
A72: Gross Margin (%) | B72: =IFERROR((IS_Flow!B33-IS_Flow!B34-IS_Flow!B35)/(IS_Flow!B33-IS_Flow!B34),"") | C72: =IFERROR((IS_Flow!C33-IS_Flow!C34-IS_Flow!C35)/(IS_Flow!C33-IS_Flow!C34),"") | D72: =IFERROR((IS_Flow!D33-IS_Flow!D34-IS_Flow!D35)/(IS_Flow!D33-IS_Flow!D34),"") | E72: =IFERROR((IS_Flow!E33-IS_Flow!E34-IS_Flow!E35)/(IS_Flow!E33-IS_Flow!E34),"") | F72: =IFERROR((IS_Flow!G33-IS_Flow!G34-IS_Flow!G35)/(IS_Flow!G33-IS_Flow!G34),"") | G72: =IFERROR((IS_Flow!H33-IS_Flow!H34-IS_Flow!H35)/(IS_Flow!H33-IS_Flow!H34),"") | H72: =IFERROR((IS_Flow!I33-IS_Flow!I34-IS_Flow!I35)/(IS_Flow!I33-IS_Flow!I34),"") | I72: =IFERROR((IS_Flow!J33-IS_Flow!J34-IS_Flow!J35)/(IS_Flow!J33-IS_Flow!J34),"") | J72: =IFERROR((IS_Flow!L33-IS_Flow!L34-IS_Flow!L35)/(IS_Flow!L33-IS_Flow!L34),"") | K72: =IFERROR((IS_Flow!M33-IS_Flow!M34-IS_Flow!M35)/(IS_Flow!M33-IS_Flow!M34),"") | L72: =IFERROR((IS_Flow!N33-IS_Flow!N34-IS_Flow!N35)/(IS_Flow!N33-IS_Flow!N34),"") | M72: =IFERROR((IS_Flow!O33-IS_Flow!O34-IS_Flow!O35)/(IS_Flow!O33-IS_Flow!O34),"") | N72: =IFERROR((IS_Flow!Q33-IS_Flow!Q34-IS_Flow!Q35)/(IS_Flow!Q33-IS_Flow!Q34),"") | O72: =IFERROR((IS_Flow!R33-IS_Flow!R34-IS_Flow!R35)/(IS_Flow!R33-IS_Flow!R34),"") | P72: =IFERROR((IS_Flow!S33-IS_Flow!S34-IS_Flow!S35)/(IS_Flow!S33-IS_Flow!S34),"") | Q72: =IFERROR((IS_Flow!T33-IS_Flow!T34-IS_Flow!T35)/(IS_Flow!T33-IS_Flow!T34),"") | R72: =IFERROR((IS_Flow!V33-IS_Flow!V34-IS_Flow!V35)/(IS_Flow!V33-IS_Flow!V34),"") | S72: =IFERROR((IS_Flow!W33-IS_Flow!W34-IS_Flow!W35)/(IS_Flow!W33-IS_Flow!W34),"") | T72: =IFERROR((IS_Flow!X33-IS_Flow!X34-IS_Flow!X35)/(IS_Flow!X33-IS_Flow!X34),"") | U72: =IFERROR((IS_Flow!Y33-IS_Flow!Y34-IS_Flow!Y35)/(IS_Flow!Y33-IS_Flow!Y34),"")
A73: DSO (วัน) | B73: =IFERROR(((BS_Timeline!B38+BS_Timeline!C38)/2)/IS_Flow!B33*90,"") | C73: =IFERROR(((BS_Timeline!C38+BS_Timeline!D38)/2)/IS_Flow!C33*91,"") | D73: =IFERROR(((BS_Timeline!D38+BS_Timeline!E38)/2)/IS_Flow!D33*92,"") | E73: =IFERROR(((BS_Timeline!E38+BS_Timeline!F38)/2)/IS_Flow!E33*92,"") | F73: =IFERROR(((BS_Timeline!F38+BS_Timeline!G38)/2)/IS_Flow!G33*90,"") | G73: =IFERROR(((BS_Timeline!G38+BS_Timeline!H38)/2)/IS_Flow!H33*91,"") | H73: =IFERROR(((BS_Timeline!H38+BS_Timeline!I38)/2)/IS_Flow!I33*92,"") | I73: =IFERROR(((BS_Timeline!I38+BS_Timeline!J38)/2)/IS_Flow!J33*92,"") | J73: =IFERROR(((BS_Timeline!J38+BS_Timeline!K38)/2)/IS_Flow!L33*90,"") | K73: =IFERROR(((BS_Timeline!K38+BS_Timeline!L38)/2)/IS_Flow!M33*91,"") | L73: =IFERROR(((BS_Timeline!L38+BS_Timeline!M38)/2)/IS_Flow!N33*92,"") | M73: =IFERROR(((BS_Timeline!M38+BS_Timeline!N38)/2)/IS_Flow!O33*92,"") | N73: =IFERROR(((BS_Timeline!N38+BS_Timeline!O38)/2)/IS_Flow!Q33*90,"") | O73: =IFERROR(((BS_Timeline!O38+BS_Timeline!P38)/2)/IS_Flow!R33*91,"") | P73: =IFERROR(((BS_Timeline!P38+BS_Timeline!Q38)/2)/IS_Flow!S33*92,"") | Q73: =IFERROR(((BS_Timeline!Q38+BS_Timeline!R38)/2)/IS_Flow!T33*92,"") | R73: =IFERROR(((BS_Timeline!R38+BS_Timeline!S38)/2)/IS_Flow!V33*90,"") | S73: =IFERROR(((BS_Timeline!S38+BS_Timeline!T38)/2)/IS_Flow!W33*91,"") | T73: =IFERROR(((BS_Timeline!T38+BS_Timeline!U38)/2)/IS_Flow!X33*92,"") | U73: =IFERROR(((BS_Timeline!U38+BS_Timeline!V38)/2)/IS_Flow!Y33*92,"")
A74: DIO (วัน) | B74: =IFERROR(((BS_Timeline!B39+BS_Timeline!C39)/2)/IS_Flow!B35*90,"") | C74: =IFERROR(((BS_Timeline!C39+BS_Timeline!D39)/2)/IS_Flow!C35*91,"") | D74: =IFERROR(((BS_Timeline!D39+BS_Timeline!E39)/2)/IS_Flow!D35*92,"") | E74: =IFERROR(((BS_Timeline!E39+BS_Timeline!F39)/2)/IS_Flow!E35*92,"") | F74: =IFERROR(((BS_Timeline!F39+BS_Timeline!G39)/2)/IS_Flow!G35*90,"") | G74: =IFERROR(((BS_Timeline!G39+BS_Timeline!H39)/2)/IS_Flow!H35*91,"") | H74: =IFERROR(((BS_Timeline!H39+BS_Timeline!I39)/2)/IS_Flow!I35*92,"") | I74: =IFERROR(((BS_Timeline!I39+BS_Timeline!J39)/2)/IS_Flow!J35*92,"") | J74: =IFERROR(((BS_Timeline!J39+BS_Timeline!K39)/2)/IS_Flow!L35*90,"") | K74: =IFERROR(((BS_Timeline!K39+BS_Timeline!L39)/2)/IS_Flow!M35*91,"") | L74: =IFERROR(((BS_Timeline!L39+BS_Timeline!M39)/2)/IS_Flow!N35*92,"") | M74: =IFERROR(((BS_Timeline!M39+BS_Timeline!N39)/2)/IS_Flow!O35*92,"") | N74: =IFERROR(((BS_Timeline!N39+BS_Timeline!O39)/2)/IS_Flow!Q35*90,"") | O74: =IFERROR(((BS_Timeline!O39+BS_Timeline!P39)/2)/IS_Flow!R35*91,"") | P74: =IFERROR(((BS_Timeline!P39+BS_Timeline!Q39)/2)/IS_Flow!S35*92,"") | Q74: =IFERROR(((BS_Timeline!Q39+BS_Timeline!R39)/2)/IS_Flow!T35*92,"") | R74: =IFERROR(((BS_Timeline!R39+BS_Timeline!S39)/2)/IS_Flow!V35*90,"") | S74: =IFERROR(((BS_Timeline!S39+BS_Timeline!T39)/2)/IS_Flow!W35*91,"") | T74: =IFERROR(((BS_Timeline!T39+BS_Timeline!U39)/2)/IS_Flow!X35*92,"") | U74: =IFERROR(((BS_Timeline!U39+BS_Timeline!V39)/2)/IS_Flow!Y35*92,"")
A75: DPO (วัน) | B75: =IFERROR(((BS_Timeline!B40+BS_Timeline!C40)/2)/IS_Flow!B35*90,"") | C75: =IFERROR(((BS_Timeline!C40+BS_Timeline!D40)/2)/IS_Flow!C35*91,"") | D75: =IFERROR(((BS_Timeline!D40+BS_Timeline!E40)/2)/IS_Flow!D35*92,"") | E75: =IFERROR(((BS_Timeline!E40+BS_Timeline!F40)/2)/IS_Flow!E35*92,"") | F75: =IFERROR(((BS_Timeline!F40+BS_Timeline!G40)/2)/IS_Flow!G35*90,"") | G75: =IFERROR(((BS_Timeline!G40+BS_Timeline!H40)/2)/IS_Flow!H35*91,"") | H75: =IFERROR(((BS_Timeline!H40+BS_Timeline!I40)/2)/IS_Flow!I35*92,"") | I75: =IFERROR(((BS_Timeline!I40+BS_Timeline!J40)/2)/IS_Flow!J35*92,"") | J75: =IFERROR(((BS_Timeline!J40+BS_Timeline!K40)/2)/IS_Flow!L35*90,"") | K75: =IFERROR(((BS_Timeline!K40+BS_Timeline!L40)/2)/IS_Flow!M35*91,"") | L75: =IFERROR(((BS_Timeline!L40+BS_Timeline!M40)/2)/IS_Flow!N35*92,"") | M75: =IFERROR(((BS_Timeline!M40+BS_Timeline!N40)/2)/IS_Flow!O35*92,"") | N75: =IFERROR(((BS_Timeline!N40+BS_Timeline!O40)/2)/IS_Flow!Q35*90,"") | O75: =IFERROR(((BS_Timeline!O40+BS_Timeline!P40)/2)/IS_Flow!R35*91,"") | P75: =IFERROR(((BS_Timeline!P40+BS_Timeline!Q40)/2)/IS_Flow!S35*92,"") | Q75: =IFERROR(((BS_Timeline!Q40+BS_Timeline!R40)/2)/IS_Flow!T35*92,"") | R75: =IFERROR(((BS_Timeline!R40+BS_Timeline!S40)/2)/IS_Flow!V35*90,"") | S75: =IFERROR(((BS_Timeline!S40+BS_Timeline!T40)/2)/IS_Flow!W35*91,"") | T75: =IFERROR(((BS_Timeline!T40+BS_Timeline!U40)/2)/IS_Flow!X35*92,"") | U75: =IFERROR(((BS_Timeline!U40+BS_Timeline!V40)/2)/IS_Flow!Y35*92,"")
A76: CCC (วัน) | B76: =IFERROR(B73+B74-B75,"") | C76: =IFERROR(C73+C74-C75,"") | D76: =IFERROR(D73+D74-D75,"") | E76: =IFERROR(E73+E74-E75,"") | F76: =IFERROR(F73+F74-F75,"") | G76: =IFERROR(G73+G74-G75,"") | H76: =IFERROR(H73+H74-H75,"") | I76: =IFERROR(I73+I74-I75,"") | ... U76: =IFERROR(U73+U74-U75,"")
A77: ROA รายไตรมาส (%) | B77: =IFERROR(IS_Flow!B36/((BS_Timeline!B41+BS_Timeline!C41)/2),"") | C77: =IFERROR(IS_Flow!C36/((BS_Timeline!C41+BS_Timeline!D41)/2),"") | D77: =IFERROR(IS_Flow!D36/((BS_Timeline!D41+BS_Timeline!E41)/2),"") | E77: =IFERROR(IS_Flow!E36/((BS_Timeline!E41+BS_Timeline!F41)/2),"") | F77: =IFERROR(IS_Flow!G36/((BS_Timeline!F41+BS_Timeline!G41)/2),"") | G77: =IFERROR(IS_Flow!H36/((BS_Timeline!G41+BS_Timeline!H41)/2),"") | H77: =IFERROR(IS_Flow!I36/((BS_Timeline!H41+BS_Timeline!I41)/2),"") | I77: =IFERROR(IS_Flow!J36/((BS_Timeline!I41+BS_Timeline!J41)/2),"") | J77: =IFERROR(IS_Flow!L36/((BS_Timeline!J41+BS_Timeline!K41)/2),"") | K77: =IFERROR(IS_Flow!M36/((BS_Timeline!K41+BS_Timeline!L41)/2),"") | L77: =IFERROR(IS_Flow!N36/((BS_Timeline!L41+BS_Timeline!M41)/2),"") | M77: =IFERROR(IS_Flow!O36/((BS_Timeline!M41+BS_Timeline!N41)/2),"") | N77: =IFERROR(IS_Flow!Q36/((BS_Timeline!N41+BS_Timeline!O41)/2),"") | O77: =IFERROR(IS_Flow!R36/((BS_Timeline!O41+BS_Timeline!P41)/2),"") | P77: =IFERROR(IS_Flow!S36/((BS_Timeline!P41+BS_Timeline!Q41)/2),"") | Q77: =IFERROR(IS_Flow!T36/((BS_Timeline!Q41+BS_Timeline!R41)/2),"") | R77: =IFERROR(IS_Flow!V36/((BS_Timeline!R41+BS_Timeline!S41)/2),"") | S77: =IFERROR(IS_Flow!W36/((BS_Timeline!S41+BS_Timeline!T41)/2),"") | T77: =IFERROR(IS_Flow!X36/((BS_Timeline!T41+BS_Timeline!U41)/2),"") | U77: =IFERROR(IS_Flow!Y36/((BS_Timeline!U41+BS_Timeline!V41)/2),"")
A78: ROE รายไตรมาส (%) | B78: =IFERROR(IS_Flow!B36/((BS_Timeline!B42+BS_Timeline!C42)/2),"") | C78: =IFERROR(IS_Flow!C36/((BS_Timeline!C42+BS_Timeline!D42)/2),"") | D78: =IFERROR(IS_Flow!D36/((BS_Timeline!D42+BS_Timeline!E42)/2),"") | E78: =IFERROR(IS_Flow!E36/((BS_Timeline!E42+BS_Timeline!F42)/2),"") | F78: =IFERROR(IS_Flow!G36/((BS_Timeline!F42+BS_Timeline!G42)/2),"") | G78: =IFERROR(IS_Flow!H36/((BS_Timeline!G42+BS_Timeline!H42)/2),"") | H78: =IFERROR(IS_Flow!I36/((BS_Timeline!H42+BS_Timeline!I42)/2),"") | I78: =IFERROR(IS_Flow!J36/((BS_Timeline!I42+BS_Timeline!J42)/2),"") | J78: =IFERROR(IS_Flow!L36/((BS_Timeline!J42+BS_Timeline!K42)/2),"") | K78: =IFERROR(IS_Flow!M36/((BS_Timeline!K42+BS_Timeline!L42)/2),"") | L78: =IFERROR(IS_Flow!N36/((BS_Timeline!L42+BS_Timeline!M42)/2),"") | M78: =IFERROR(IS_Flow!O36/((BS_Timeline!M42+BS_Timeline!N42)/2),"") | N78: =IFERROR(IS_Flow!Q36/((BS_Timeline!N42+BS_Timeline!O42)/2),"") | O78: =IFERROR(IS_Flow!R36/((BS_Timeline!O42+BS_Timeline!P42)/2),"") | P78: =IFERROR(IS_Flow!S36/((BS_Timeline!P42+BS_Timeline!Q42)/2),"") | Q78: =IFERROR(IS_Flow!T36/((BS_Timeline!Q42+BS_Timeline!R42)/2),"") | R78: =IFERROR(IS_Flow!V36/((BS_Timeline!R42+BS_Timeline!S42)/2),"") | S78: =IFERROR(IS_Flow!W36/((BS_Timeline!S42+BS_Timeline!T42)/2),"") | T78: =IFERROR(IS_Flow!X36/((BS_Timeline!T42+BS_Timeline!U42)/2),"") | U78: =IFERROR(IS_Flow!Y36/((BS_Timeline!U42+BS_Timeline!V42)/2),"")
A79: D/E (เท่า) | B79: =IFERROR(BS_Timeline!C43/BS_Timeline!C42,"") | C79: =IFERROR(BS_Timeline!D43/BS_Timeline!D42,"") | D79: =IFERROR(BS_Timeline!E43/BS_Timeline!E42,"") | E79: =IFERROR(BS_Timeline!F43/BS_Timeline!F42,"") | F79: =IFERROR(BS_Timeline!G43/BS_Timeline!G42,"") | G79: =IFERROR(BS_Timeline!H43/BS_Timeline!H42,"") | H79: =IFERROR(BS_Timeline!I43/BS_Timeline!I42,"") | I79: =IFERROR(BS_Timeline!J43/BS_Timeline!J42,"") | ... U79: =IFERROR(BS_Timeline!V43/BS_Timeline!V42,"")
A80: ■ OHTL
A81: รายได้รวม (ล้านบาท) | B81: =IS_Flow!B39 | C81: =IS_Flow!C39 | D81: =IS_Flow!D39 | E81: =IS_Flow!E39 | F81: =IS_Flow!G39 | G81: =IS_Flow!H39 | H81: =IS_Flow!I39 | I81: =IS_Flow!J39 | J81: =IS_Flow!L39 | K81: =IS_Flow!M39 | L81: =IS_Flow!N39 | M81: =IS_Flow!O39 | N81: =IS_Flow!Q39 | O81: =IS_Flow!R39 | P81: =IS_Flow!S39 | Q81: =IS_Flow!T39 | R81: =IS_Flow!V39 | S81: =IS_Flow!W39 | T81: =IS_Flow!X39 | U81: =IS_Flow!Y39
A82: ต้นทุนขาย (ล้านบาท) | B82: =IS_Flow!B41 | C82: =IS_Flow!C41 | D82: =IS_Flow!D41 | E82: =IS_Flow!E41 | F82: =IS_Flow!G41 | G82: =IS_Flow!H41 | H82: =IS_Flow!I41 | I82: =IS_Flow!J41 | J82: =IS_Flow!L41 | K82: =IS_Flow!M41 | L82: =IS_Flow!N41 | M82: =IS_Flow!O41 | N82: =IS_Flow!Q41 | O82: =IS_Flow!R41 | P82: =IS_Flow!S41 | Q82: =IS_Flow!T41 | R82: =IS_Flow!V41 | S82: =IS_Flow!W41 | T82: =IS_Flow!X41 | U82: =IS_Flow!Y41
A83: กำไรสุทธิ (ล้านบาท) | B83: =IS_Flow!B42 | C83: =IS_Flow!C42 | D83: =IS_Flow!D42 | E83: =IS_Flow!E42 | F83: =IS_Flow!G42 | G83: =IS_Flow!H42 | H83: =IS_Flow!I42 | I83: =IS_Flow!J42 | J83: =IS_Flow!L42 | K83: =IS_Flow!M42 | L83: =IS_Flow!N42 | M83: =IS_Flow!O42 | N83: =IS_Flow!Q42 | O83: =IS_Flow!R42 | P83: =IS_Flow!S42 | Q83: =IS_Flow!T42 | R83: =IS_Flow!V42 | S83: =IS_Flow!W42 | T83: =IS_Flow!X42 | U83: =IS_Flow!Y42
A84: NPM (%) | B84: =IFERROR(IS_Flow!B42/IS_Flow!B39,"") | C84: =IFERROR(IS_Flow!C42/IS_Flow!C39,"") | D84: =IFERROR(IS_Flow!D42/IS_Flow!D39,"") | E84: =IFERROR(IS_Flow!E42/IS_Flow!E39,"") | F84: =IFERROR(IS_Flow!G42/IS_Flow!G39,"") | G84: =IFERROR(IS_Flow!H42/IS_Flow!H39,"") | H84: =IFERROR(IS_Flow!I42/IS_Flow!I39,"") | I84: =IFERROR(IS_Flow!J42/IS_Flow!J39,"") | J84: =IFERROR(IS_Flow!L42/IS_Flow!L39,"") | K84: =IFERROR(IS_Flow!M42/IS_Flow!M39,"") | L84: =IFERROR(IS_Flow!N42/IS_Flow!N39,"") | M84: =IFERROR(IS_Flow!O42/IS_Flow!O39,"") | N84: =IFERROR(IS_Flow!Q42/IS_Flow!Q39,"") | O84: =IFERROR(IS_Flow!R42/IS_Flow!R39,"") | P84: =IFERROR(IS_Flow!S42/IS_Flow!S39,"") | Q84: =IFERROR(IS_Flow!T42/IS_Flow!T39,"") | R84: =IFERROR(IS_Flow!V42/IS_Flow!V39,"") | S84: =IFERROR(IS_Flow!W42/IS_Flow!W39,"") | T84: =IFERROR(IS_Flow!X42/IS_Flow!X39,"") | U84: =IFERROR(IS_Flow!Y42/IS_Flow!Y39,"")
A85: Gross Margin (%) | B85: =IFERROR((IS_Flow!B39-IS_Flow!B40-IS_Flow!B41)/(IS_Flow!B39-IS_Flow!B40),"") | C85: =IFERROR((IS_Flow!C39-IS_Flow!C40-IS_Flow!C41)/(IS_Flow!C39-IS_Flow!C40),"") | D85: =IFERROR((IS_Flow!D39-IS_Flow!D40-IS_Flow!D41)/(IS_Flow!D39-IS_Flow!D40),"") | E85: =IFERROR((IS_Flow!E39-IS_Flow!E40-IS_Flow!E41)/(IS_Flow!E39-IS_Flow!E40),"") | F85: =IFERROR((IS_Flow!G39-IS_Flow!G40-IS_Flow!G41)/(IS_Flow!G39-IS_Flow!G40),"") | G85: =IFERROR((IS_Flow!H39-IS_Flow!H40-IS_Flow!H41)/(IS_Flow!H39-IS_Flow!H40),"") | H85: =IFERROR((IS_Flow!I39-IS_Flow!I40-IS_Flow!I41)/(IS_Flow!I39-IS_Flow!I40),"") | I85: =IFERROR((IS_Flow!J39-IS_Flow!J40-IS_Flow!J41)/(IS_Flow!J39-IS_Flow!J40),"") | J85: =IFERROR((IS_Flow!L39-IS_Flow!L40-IS_Flow!L41)/(IS_Flow!L39-IS_Flow!L40),"") | K85: =IFERROR((IS_Flow!M39-IS_Flow!M40-IS_Flow!M41)/(IS_Flow!M39-IS_Flow!M40),"") | L85: =IFERROR((IS_Flow!N39-IS_Flow!N40-IS_Flow!N41)/(IS_Flow!N39-IS_Flow!N40),"") | M85: =IFERROR((IS_Flow!O39-IS_Flow!O40-IS_Flow!O41)/(IS_Flow!O39-IS_Flow!O40),"") | N85: =IFERROR((IS_Flow!Q39-IS_Flow!Q40-IS_Flow!Q41)/(IS_Flow!Q39-IS_Flow!Q40),"") | O85: =IFERROR((IS_Flow!R39-IS_Flow!R40-IS_Flow!R41)/(IS_Flow!R39-IS_Flow!R40),"") | P85: =IFERROR((IS_Flow!S39-IS_Flow!S40-IS_Flow!S41)/(IS_Flow!S39-IS_Flow!S40),"") | Q85: =IFERROR((IS_Flow!T39-IS_Flow!T40-IS_Flow!T41)/(IS_Flow!T39-IS_Flow!T40),"") | R85: =IFERROR((IS_Flow!V39-IS_Flow!V40-IS_Flow!V41)/(IS_Flow!V39-IS_Flow!V40),"") | S85: =IFERROR((IS_Flow!W39-IS_Flow!W40-IS_Flow!W41)/(IS_Flow!W39-IS_Flow!W40),"") | T85: =IFERROR((IS_Flow!X39-IS_Flow!X40-IS_Flow!X41)/(IS_Flow!X39-IS_Flow!X40),"") | U85: =IFERROR((IS_Flow!Y39-IS_Flow!Y40-IS_Flow!Y41)/(IS_Flow!Y39-IS_Flow!Y40),"")
A86: DSO (วัน) | B86: =IFERROR(((BS_Timeline!B45+BS_Timeline!C45)/2)/IS_Flow!B39*90,"") | C86: =IFERROR(((BS_Timeline!C45+BS_Timeline!D45)/2)/IS_Flow!C39*91,"") | D86: =IFERROR(((BS_Timeline!D45+BS_Timeline!E45)/2)/IS_Flow!D39*92,"") | E86: =IFERROR(((BS_Timeline!E45+BS_Timeline!F45)/2)/IS_Flow!E39*92,"") | F86: =IFERROR(((BS_Timeline!F45+BS_Timeline!G45)/2)/IS_Flow!G39*90,"") | G86: =IFERROR(((BS_Timeline!G45+BS_Timeline!H45)/2)/IS_Flow!H39*91,"") | H86: =IFERROR(((BS_Timeline!H45+BS_Timeline!I45)/2)/IS_Flow!I39*92,"") | I86: =IFERROR(((BS_Timeline!I45+BS_Timeline!J45)/2)/IS_Flow!J39*92,"") | J86: =IFERROR(((BS_Timeline!J45+BS_Timeline!K45)/2)/IS_Flow!L39*90,"") | K86: =IFERROR(((BS_Timeline!K45+BS_Timeline!L45)/2)/IS_Flow!M39*91,"") | L86: =IFERROR(((BS_Timeline!L45+BS_Timeline!M45)/2)/IS_Flow!N39*92,"") | M86: =IFERROR(((BS_Timeline!M45+BS_Timeline!N45)/2)/IS_Flow!O39*92,"") | N86: =IFERROR(((BS_Timeline!N45+BS_Timeline!O45)/2)/IS_Flow!Q39*90,"") | O86: =IFERROR(((BS_Timeline!O45+BS_Timeline!P45)/2)/IS_Flow!R39*91,"") | P86: =IFERROR(((BS_Timeline!P45+BS_Timeline!Q45)/2)/IS_Flow!S39*92,"") | Q86: =IFERROR(((BS_Timeline!Q45+BS_Timeline!R45)/2)/IS_Flow!T39*92,"") | R86: =IFERROR(((BS_Timeline!R45+BS_Timeline!S45)/2)/IS_Flow!V39*90,"") | S86: =IFERROR(((BS_Timeline!S45+BS_Timeline!T45)/2)/IS_Flow!W39*91,"") | T86: =IFERROR(((BS_Timeline!T45+BS_Timeline!U45)/2)/IS_Flow!X39*92,"") | U86: =IFERROR(((BS_Timeline!U45+BS_Timeline!V45)/2)/IS_Flow!Y39*92,"")
A87: DIO (วัน) | B87: =IFERROR(((BS_Timeline!B46+BS_Timeline!C46)/2)/IS_Flow!B41*90,"") | C87: =IFERROR(((BS_Timeline!C46+BS_Timeline!D46)/2)/IS_Flow!C41*91,"") | D87: =IFERROR(((BS_Timeline!D46+BS_Timeline!E46)/2)/IS_Flow!D41*92,"") | E87: =IFERROR(((BS_Timeline!E46+BS_Timeline!F46)/2)/IS_Flow!E41*92,"") | F87: =IFERROR(((BS_Timeline!F46+BS_Timeline!G46)/2)/IS_Flow!G41*90,"") | G87: =IFERROR(((BS_Timeline!G46+BS_Timeline!H46)/2)/IS_Flow!H41*91,"") | H87: =IFERROR(((BS_Timeline!H46+BS_Timeline!I46)/2)/IS_Flow!I41*92,"") | I87: =IFERROR(((BS_Timeline!I46+BS_Timeline!J46)/2)/IS_Flow!J41*92,"") | J87: =IFERROR(((BS_Timeline!J46+BS_Timeline!K46)/2)/IS_Flow!L41*90,"") | K87: =IFERROR(((BS_Timeline!K46+BS_Timeline!L46)/2)/IS_Flow!M41*91,"") | L87: =IFERROR(((BS_Timeline!L46+BS_Timeline!M46)/2)/IS_Flow!N41*92,"") | M87: =IFERROR(((BS_Timeline!M46+BS_Timeline!N46)/2)/IS_Flow!O41*92,"") | N87: =IFERROR(((BS_Timeline!N46+BS_Timeline!O46)/2)/IS_Flow!Q41*90,"") | O87: =IFERROR(((BS_Timeline!O46+BS_Timeline!P46)/2)/IS_Flow!R41*91,"") | P87: =IFERROR(((BS_Timeline!P46+BS_Timeline!Q46)/2)/IS_Flow!S41*92,"") | Q87: =IFERROR(((BS_Timeline!Q46+BS_Timeline!R46)/2)/IS_Flow!T41*92,"") | R87: =IFERROR(((BS_Timeline!R46+BS_Timeline!S46)/2)/IS_Flow!V41*90,"") | S87: =IFERROR(((BS_Timeline!S46+BS_Timeline!T46)/2)/IS_Flow!W41*91,"") | T87: =IFERROR(((BS_Timeline!T46+BS_Timeline!U46)/2)/IS_Flow!X41*92,"") | U87: =IFERROR(((BS_Timeline!U46+BS_Timeline!V46)/2)/IS_Flow!Y41*92,"")
A88: DPO (วัน) | B88: =IFERROR(((BS_Timeline!B47+BS_Timeline!C47)/2)/IS_Flow!B41*90,"") | C88: =IFERROR(((BS_Timeline!C47+BS_Timeline!D47)/2)/IS_Flow!C41*91,"") | D88: =IFERROR(((BS_Timeline!D47+BS_Timeline!E47)/2)/IS_Flow!D41*92,"") | E88: =IFERROR(((BS_Timeline!E47+BS_Timeline!F47)/2)/IS_Flow!E41*92,"") | F88: =IFERROR(((BS_Timeline!F47+BS_Timeline!G47)/2)/IS_Flow!G41*90,"") | G88: =IFERROR(((BS_Timeline!G47+BS_Timeline!H47)/2)/IS_Flow!H41*91,"") | H88: =IFERROR(((BS_Timeline!H47+BS_Timeline!I47)/2)/IS_Flow!I41*92,"") | I88: =IFERROR(((BS_Timeline!I47+BS_Timeline!J47)/2)/IS_Flow!J41*92,"") | J88: =IFERROR(((BS_Timeline!J47+BS_Timeline!K47)/2)/IS_Flow!L41*90,"") | K88: =IFERROR(((BS_Timeline!K47+BS_Timeline!L47)/2)/IS_Flow!M41*91,"") | L88: =IFERROR(((BS_Timeline!L47+BS_Timeline!M47)/2)/IS_Flow!N41*92,"") | M88: =IFERROR(((BS_Timeline!M47+BS_Timeline!N47)/2)/IS_Flow!O41*92,"") | N88: =IFERROR(((BS_Timeline!N47+BS_Timeline!O47)/2)/IS_Flow!Q41*90,"") | O88: =IFERROR(((BS_Timeline!O47+BS_Timeline!P47)/2)/IS_Flow!R41*91,"") | P88: =IFERROR(((BS_Timeline!P47+BS_Timeline!Q47)/2)/IS_Flow!S41*92,"") | Q88: =IFERROR(((BS_Timeline!Q47+BS_Timeline!R47)/2)/IS_Flow!T41*92,"") | R88: =IFERROR(((BS_Timeline!R47+BS_Timeline!S47)/2)/IS_Flow!V41*90,"") | S88: =IFERROR(((BS_Timeline!S47+BS_Timeline!T47)/2)/IS_Flow!W41*91,"") | T88: =IFERROR(((BS_Timeline!T47+BS_Timeline!U47)/2)/IS_Flow!X41*92,"") | U88: =IFERROR(((BS_Timeline!U47+BS_Timeline!V47)/2)/IS_Flow!Y41*92,"")
A89: CCC (วัน) | B89: =IFERROR(B86+B87-B88,"") | C89: =IFERROR(C86+C87-C88,"") | D89: =IFERROR(D86+D87-D88,"") | E89: =IFERROR(E86+E87-E88,"") | F89: =IFERROR(F86+F87-F88,"") | G89: =IFERROR(G86+G87-G88,"") | H89: =IFERROR(H86+H87-H88,"") | I89: =IFERROR(I86+I87-I88,"") | ... U89: =IFERROR(U86+U87-U88,"")
A90: ROA รายไตรมาส (%) | B90: =IFERROR(IS_Flow!B42/((BS_Timeline!B48+BS_Timeline!C48)/2),"") | C90: =IFERROR(IS_Flow!C42/((BS_Timeline!C48+BS_Timeline!D48)/2),"") | D90: =IFERROR(IS_Flow!D42/((BS_Timeline!D48+BS_Timeline!E48)/2),"") | E90: =IFERROR(IS_Flow!E42/((BS_Timeline!E48+BS_Timeline!F48)/2),"") | F90: =IFERROR(IS_Flow!G42/((BS_Timeline!F48+BS_Timeline!G48)/2),"") | G90: =IFERROR(IS_Flow!H42/((BS_Timeline!G48+BS_Timeline!H48)/2),"") | H90: =IFERROR(IS_Flow!I42/((BS_Timeline!H48+BS_Timeline!I48)/2),"") | I90: =IFERROR(IS_Flow!J42/((BS_Timeline!I48+BS_Timeline!J48)/2),"") | J90: =IFERROR(IS_Flow!L42/((BS_Timeline!J48+BS_Timeline!K48)/2),"") | K90: =IFERROR(IS_Flow!M42/((BS_Timeline!K48+BS_Timeline!L48)/2),"") | L90: =IFERROR(IS_Flow!N42/((BS_Timeline!L48+BS_Timeline!M48)/2),"") | M90: =IFERROR(IS_Flow!O42/((BS_Timeline!M48+BS_Timeline!N48)/2),"") | N90: =IFERROR(IS_Flow!Q42/((BS_Timeline!N48+BS_Timeline!O48)/2),"") | O90: =IFERROR(IS_Flow!R42/((BS_Timeline!O48+BS_Timeline!P48)/2),"") | P90: =IFERROR(IS_Flow!S42/((BS_Timeline!P48+BS_Timeline!Q48)/2),"") | Q90: =IFERROR(IS_Flow!T42/((BS_Timeline!Q48+BS_Timeline!R48)/2),"") | R90: =IFERROR(IS_Flow!V42/((BS_Timeline!R48+BS_Timeline!S48)/2),"") | S90: =IFERROR(IS_Flow!W42/((BS_Timeline!S48+BS_Timeline!T48)/2),"") | T90: =IFERROR(IS_Flow!X42/((BS_Timeline!T48+BS_Timeline!U48)/2),"") | U90: =IFERROR(IS_Flow!Y42/((BS_Timeline!U48+BS_Timeline!V48)/2),"")
A91: ROE รายไตรมาส (%) | B91: =IFERROR(IS_Flow!B42/((BS_Timeline!B49+BS_Timeline!C49)/2),"") | C91: =IFERROR(IS_Flow!C42/((BS_Timeline!C49+BS_Timeline!D49)/2),"") | D91: =IFERROR(IS_Flow!D42/((BS_Timeline!D49+BS_Timeline!E49)/2),"") | E91: =IFERROR(IS_Flow!E42/((BS_Timeline!E49+BS_Timeline!F49)/2),"") | F91: =IFERROR(IS_Flow!G42/((BS_Timeline!F49+BS_Timeline!G49)/2),"") | G91: =IFERROR(IS_Flow!H42/((BS_Timeline!G49+BS_Timeline!H49)/2),"") | H91: =IFERROR(IS_Flow!I42/((BS_Timeline!H49+BS_Timeline!I49)/2),"") | I91: =IFERROR(IS_Flow!J42/((BS_Timeline!I49+BS_Timeline!J49)/2),"") | J91: =IFERROR(IS_Flow!L42/((BS_Timeline!J49+BS_Timeline!K49)/2),"") | K91: =IFERROR(IS_Flow!M42/((BS_Timeline!K49+BS_Timeline!L49)/2),"") | L91: =IFERROR(IS_Flow!N42/((BS_Timeline!L49+BS_Timeline!M49)/2),"") | M91: =IFERROR(IS_Flow!O42/((BS_Timeline!M49+BS_Timeline!N49)/2),"") | N91: =IFERROR(IS_Flow!Q42/((BS_Timeline!N49+BS_Timeline!O49)/2),"") | O91: =IFERROR(IS_Flow!R42/((BS_Timeline!O49+BS_Timeline!P49)/2),"") | P91: =IFERROR(IS_Flow!S42/((BS_Timeline!P49+BS_Timeline!Q49)/2),"") | Q91: =IFERROR(IS_Flow!T42/((BS_Timeline!Q49+BS_Timeline!R49)/2),"") | R91: =IFERROR(IS_Flow!V42/((BS_Timeline!R49+BS_Timeline!S49)/2),"") | S91: =IFERROR(IS_Flow!W42/((BS_Timeline!S49+BS_Timeline!T49)/2),"") | T91: =IFERROR(IS_Flow!X42/((BS_Timeline!T49+BS_Timeline!U49)/2),"") | U91: =IFERROR(IS_Flow!Y42/((BS_Timeline!U49+BS_Timeline!V49)/2),"")
A92: D/E (เท่า) | B92: =IFERROR(BS_Timeline!C50/BS_Timeline!C49,"") | C92: =IFERROR(BS_Timeline!D50/BS_Timeline!D49,"") | D92: =IFERROR(BS_Timeline!E50/BS_Timeline!E49,"") | E92: =IFERROR(BS_Timeline!F50/BS_Timeline!F49,"") | F92: =IFERROR(BS_Timeline!G50/BS_Timeline!G49,"") | G92: =IFERROR(BS_Timeline!H50/BS_Timeline!H49,"") | H92: =IFERROR(BS_Timeline!I50/BS_Timeline!I49,"") | I92: =IFERROR(BS_Timeline!J50/BS_Timeline!J49,"") | ... U92: =IFERROR(BS_Timeline!V50/BS_Timeline!V49,"")
A93: ■ SHANG
A94: รายได้รวม (ล้านบาท) | B94: =IS_Flow!B45 | C94: =IS_Flow!C45 | D94: =IS_Flow!D45 | E94: =IS_Flow!E45 | F94: =IS_Flow!G45 | G94: =IS_Flow!H45 | H94: =IS_Flow!I45 | I94: =IS_Flow!J45 | J94: =IS_Flow!L45 | K94: =IS_Flow!M45 | L94: =IS_Flow!N45 | M94: =IS_Flow!O45 | N94: =IS_Flow!Q45 | O94: =IS_Flow!R45 | P94: =IS_Flow!S45 | Q94: =IS_Flow!T45 | R94: =IS_Flow!V45 | S94: =IS_Flow!W45 | T94: =IS_Flow!X45 | U94: =IS_Flow!Y45
A95: ต้นทุนขาย (ล้านบาท) | B95: =IS_Flow!B47 | C95: =IS_Flow!C47 | D95: =IS_Flow!D47 | E95: =IS_Flow!E47 | F95: =IS_Flow!G47 | G95: =IS_Flow!H47 | H95: =IS_Flow!I47 | I95: =IS_Flow!J47 | J95: =IS_Flow!L47 | K95: =IS_Flow!M47 | L95: =IS_Flow!N47 | M95: =IS_Flow!O47 | N95: =IS_Flow!Q47 | O95: =IS_Flow!R47 | P95: =IS_Flow!S47 | Q95: =IS_Flow!T47 | R95: =IS_Flow!V47 | S95: =IS_Flow!W47 | T95: =IS_Flow!X47 | U95: =IS_Flow!Y47
A96: กำไรสุทธิ (ล้านบาท) | B96: =IS_Flow!B48 | C96: =IS_Flow!C48 | D96: =IS_Flow!D48 | E96: =IS_Flow!E48 | F96: =IS_Flow!G48 | G96: =IS_Flow!H48 | H96: =IS_Flow!I48 | I96: =IS_Flow!J48 | J96: =IS_Flow!L48 | K96: =IS_Flow!M48 | L96: =IS_Flow!N48 | M96: =IS_Flow!O48 | N96: =IS_Flow!Q48 | O96: =IS_Flow!R48 | P96: =IS_Flow!S48 | Q96: =IS_Flow!T48 | R96: =IS_Flow!V48 | S96: =IS_Flow!W48 | T96: =IS_Flow!X48 | U96: =IS_Flow!Y48
A97: NPM (%) | B97: =IFERROR(IS_Flow!B48/IS_Flow!B45,"") | C97: =IFERROR(IS_Flow!C48/IS_Flow!C45,"") | D97: =IFERROR(IS_Flow!D48/IS_Flow!D45,"") | E97: =IFERROR(IS_Flow!E48/IS_Flow!E45,"") | F97: =IFERROR(IS_Flow!G48/IS_Flow!G45,"") | G97: =IFERROR(IS_Flow!H48/IS_Flow!H45,"") | H97: =IFERROR(IS_Flow!I48/IS_Flow!I45,"") | I97: =IFERROR(IS_Flow!J48/IS_Flow!J45,"") | J97: =IFERROR(IS_Flow!L48/IS_Flow!L45,"") | K97: =IFERROR(IS_Flow!M48/IS_Flow!M45,"") | L97: =IFERROR(IS_Flow!N48/IS_Flow!N45,"") | M97: =IFERROR(IS_Flow!O48/IS_Flow!O45,"") | N97: =IFERROR(IS_Flow!Q48/IS_Flow!Q45,"") | O97: =IFERROR(IS_Flow!R48/IS_Flow!R45,"") | P97: =IFERROR(IS_Flow!S48/IS_Flow!S45,"") | Q97: =IFERROR(IS_Flow!T48/IS_Flow!T45,"") | R97: =IFERROR(IS_Flow!V48/IS_Flow!V45,"") | S97: =IFERROR(IS_Flow!W48/IS_Flow!W45,"") | T97: =IFERROR(IS_Flow!X48/IS_Flow!X45,"") | U97: =IFERROR(IS_Flow!Y48/IS_Flow!Y45,"")
A98: Gross Margin (%) | B98: =IFERROR((IS_Flow!B45-IS_Flow!B46-IS_Flow!B47)/(IS_Flow!B45-IS_Flow!B46),"") | C98: =IFERROR((IS_Flow!C45-IS_Flow!C46-IS_Flow!C47)/(IS_Flow!C45-IS_Flow!C46),"") | D98: =IFERROR((IS_Flow!D45-IS_Flow!D46-IS_Flow!D47)/(IS_Flow!D45-IS_Flow!D46),"") | E98: =IFERROR((IS_Flow!E45-IS_Flow!E46-IS_Flow!E47)/(IS_Flow!E45-IS_Flow!E46),"") | F98: =IFERROR((IS_Flow!G45-IS_Flow!G46-IS_Flow!G47)/(IS_Flow!G45-IS_Flow!G46),"") | G98: =IFERROR((IS_Flow!H45-IS_Flow!H46-IS_Flow!H47)/(IS_Flow!H45-IS_Flow!H46),"") | H98: =IFERROR((IS_Flow!I45-IS_Flow!I46-IS_Flow!I47)/(IS_Flow!I45-IS_Flow!I46),"") | I98: =IFERROR((IS_Flow!J45-IS_Flow!J46-IS_Flow!J47)/(IS_Flow!J45-IS_Flow!J46),"") | J98: =IFERROR((IS_Flow!L45-IS_Flow!L46-IS_Flow!L47)/(IS_Flow!L45-IS_Flow!L46),"") | K98: =IFERROR((IS_Flow!M45-IS_Flow!M46-IS_Flow!M47)/(IS_Flow!M45-IS_Flow!M46),"") | L98: =IFERROR((IS_Flow!N45-IS_Flow!N46-IS_Flow!N47)/(IS_Flow!N45-IS_Flow!N46),"") | M98: =IFERROR((IS_Flow!O45-IS_Flow!O46-IS_Flow!O47)/(IS_Flow!O45-IS_Flow!O46),"") | N98: =IFERROR((IS_Flow!Q45-IS_Flow!Q46-IS_Flow!Q47)/(IS_Flow!Q45-IS_Flow!Q46),"") | O98: =IFERROR((IS_Flow!R45-IS_Flow!R46-IS_Flow!R47)/(IS_Flow!R45-IS_Flow!R46),"") | P98: =IFERROR((IS_Flow!S45-IS_Flow!S46-IS_Flow!S47)/(IS_Flow!S45-IS_Flow!S46),"") | Q98: =IFERROR((IS_Flow!T45-IS_Flow!T46-IS_Flow!T47)/(IS_Flow!T45-IS_Flow!T46),"") | R98: =IFERROR((IS_Flow!V45-IS_Flow!V46-IS_Flow!V47)/(IS_Flow!V45-IS_Flow!V46),"") | S98: =IFERROR((IS_Flow!W45-IS_Flow!W46-IS_Flow!W47)/(IS_Flow!W45-IS_Flow!W46),"") | T98: =IFERROR((IS_Flow!X45-IS_Flow!X46-IS_Flow!X47)/(IS_Flow!X45-IS_Flow!X46),"") | U98: =IFERROR((IS_Flow!Y45-IS_Flow!Y46-IS_Flow!Y47)/(IS_Flow!Y45-IS_Flow!Y46),"")
A99: DSO (วัน) | B99: =IFERROR(((BS_Timeline!B52+BS_Timeline!C52)/2)/IS_Flow!B45*90,"") | C99: =IFERROR(((BS_Timeline!C52+BS_Timeline!D52)/2)/IS_Flow!C45*91,"") | D99: =IFERROR(((BS_Timeline!D52+BS_Timeline!E52)/2)/IS_Flow!D45*92,"") | E99: =IFERROR(((BS_Timeline!E52+BS_Timeline!F52)/2)/IS_Flow!E45*92,"") | F99: =IFERROR(((BS_Timeline!F52+BS_Timeline!G52)/2)/IS_Flow!G45*90,"") | G99: =IFERROR(((BS_Timeline!G52+BS_Timeline!H52)/2)/IS_Flow!H45*91,"") | H99: =IFERROR(((BS_Timeline!H52+BS_Timeline!I52)/2)/IS_Flow!I45*92,"") | I99: =IFERROR(((BS_Timeline!I52+BS_Timeline!J52)/2)/IS_Flow!J45*92,"") | J99: =IFERROR(((BS_Timeline!J52+BS_Timeline!K52)/2)/IS_Flow!L45*90,"") | K99: =IFERROR(((BS_Timeline!K52+BS_Timeline!L52)/2)/IS_Flow!M45*91,"") | L99: =IFERROR(((BS_Timeline!L52+BS_Timeline!M52)/2)/IS_Flow!N45*92,"") | M99: =IFERROR(((BS_Timeline!M52+BS_Timeline!N52)/2)/IS_Flow!O45*92,"") | N99: =IFERROR(((BS_Timeline!N52+BS_Timeline!O52)/2)/IS_Flow!Q45*90,"") | O99: =IFERROR(((BS_Timeline!O52+BS_Timeline!P52)/2)/IS_Flow!R45*91,"") | P99: =IFERROR(((BS_Timeline!P52+BS_Timeline!Q52)/2)/IS_Flow!S45*92,"") | Q99: =IFERROR(((BS_Timeline!Q52+BS_Timeline!R52)/2)/IS_Flow!T45*92,"") | R99: =IFERROR(((BS_Timeline!R52+BS_Timeline!S52)/2)/IS_Flow!V45*90,"") | S99: =IFERROR(((BS_Timeline!S52+BS_Timeline!T52)/2)/IS_Flow!W45*91,"") | T99: =IFERROR(((BS_Timeline!T52+BS_Timeline!U52)/2)/IS_Flow!X45*92,"") | U99: =IFERROR(((BS_Timeline!U52+BS_Timeline!V52)/2)/IS_Flow!Y45*92,"")
A100: DIO (วัน) | B100: =IFERROR(((BS_Timeline!B53+BS_Timeline!C53)/2)/IS_Flow!B47*90,"") | C100: =IFERROR(((BS_Timeline!C53+BS_Timeline!D53)/2)/IS_Flow!C47*91,"") | D100: =IFERROR(((BS_Timeline!D53+BS_Timeline!E53)/2)/IS_Flow!D47*92,"") | E100: =IFERROR(((BS_Timeline!E53+BS_Timeline!F53)/2)/IS_Flow!E47*92,"") | F100: =IFERROR(((BS_Timeline!F53+BS_Timeline!G53)/2)/IS_Flow!G47*90,"") | G100: =IFERROR(((BS_Timeline!G53+BS_Timeline!H53)/2)/IS_Flow!H47*91,"") | H100: =IFERROR(((BS_Timeline!H53+BS_Timeline!I53)/2)/IS_Flow!I47*92,"") | I100: =IFERROR(((BS_Timeline!I53+BS_Timeline!J53)/2)/IS_Flow!J47*92,"") | J100: =IFERROR(((BS_Timeline!J53+BS_Timeline!K53)/2)/IS_Flow!L47*90,"") | K100: =IFERROR(((BS_Timeline!K53+BS_Timeline!L53)/2)/IS_Flow!M47*91,"") | L100: =IFERROR(((BS_Timeline!L53+BS_Timeline!M53)/2)/IS_Flow!N47*92,"") | M100: =IFERROR(((BS_Timeline!M53+BS_Timeline!N53)/2)/IS_Flow!O47*92,"") | N100: =IFERROR(((BS_Timeline!N53+BS_Timeline!O53)/2)/IS_Flow!Q47*90,"") | O100: =IFERROR(((BS_Timeline!O53+BS_Timeline!P53)/2)/IS_Flow!R47*91,"") | P100: =IFERROR(((BS_Timeline!P53+BS_Timeline!Q53)/2)/IS_Flow!S47*92,"") | Q100: =IFERROR(((BS_Timeline!Q53+BS_Timeline!R53)/2)/IS_Flow!T47*92,"") | R100: =IFERROR(((BS_Timeline!R53+BS_Timeline!S53)/2)/IS_Flow!V47*90,"") | S100: =IFERROR(((BS_Timeline!S53+BS_Timeline!T53)/2)/IS_Flow!W47*91,"") | T100: =IFERROR(((BS_Timeline!T53+BS_Timeline!U53)/2)/IS_Flow!X47*92,"") | U100: =IFERROR(((BS_Timeline!U53+BS_Timeline!V53)/2)/IS_Flow!Y47*92,"")
...

Sheet IS_Flow
A1: รายการ (ล้านบาท, 3 เดือน) | B1: Q1/2564 | C1: Q2/2564 | D1: Q3/2564 | E1: Q4/2564 | F1: FY2564 | G1: Q1/2565 | H1: Q2/2565 | I1: Q3/2565 | J1: Q4/2565 | K1: FY2565 | L1: Q1/2566 | M1: Q2/2566 | N1: Q3/2566 | O1: Q4/2566 | P1: FY2566 | Q1: Q1/2567 | R1: Q2/2567 | S1: Q3/2567 | T1: Q4/2567 | U1: FY2567 | V1: Q1/2568 | W1: Q2/2568 | X1: Q3/2568 | Y1: Q4/2568 | Z1: FY2568
A2: ■ ASIA
A3: รายได้รวม | B3: 161.421 | C3: 143.655 | D3: 146.768 | E3: =F3-B3-C3-D3 | F3: 599.845 | G3: 173.164 | H3: 210.576 | I3: 255.119 | J3: =K3-G3-H3-I3 | K3: 924.299 | L3: 299.966 | M3: 289.335 | N3: 307.831 | O3: =P3-L3-M3-N3 | P3: 1188.482 | Q3: 316.06 | R3: 306.951 | S3: 326.359 | T3: =U3-Q3-R3-S3 | U3: 1275.109 | V3: 342.684 | W3: 306.205 | X3: 321.648 | Y3: =Z3-V3-W3-X3 | Z3: 1364.564
A4: รายได้อื่น | B4: 12.568 | C4: 13.539 | D4: 8.788 | E4: =F4-B4-C4-D4 | F4: 48.375 | G4: 10.123 | H4: 11.369 | I4: 12.28 | J4: =K4-G4-H4-I4 | K4: 45.181 | L4: 15.717 | M4: 16.357 | N4: 22.347 | O4: =P4-L4-M4-N4 | P4: 72.435 | Q4: 15.012 | R4: 19.732 | S4: 15.012 | T4: =U4-Q4-R4-S4 | U4: 77.119 | V4: 19.762 | W4: 19.916 | X4: 23.877 | Y4: =Z4-V4-W4-X4 | Z4: 80.027
A5: ต้นทุนขาย (จริง) | B5: 155.453 | C5: 150.548 | D5: 137.157 | E5: =F5-B5-C5-D5 | F5: 603.606 | G5: 161.775 | H5: 179.281 | I5: 201.105 | J5: =K5-G5-H5-I5 | K5: 747.973 | L5: 219.817 | M5: 220.397 | N5: 223.495 | O5: =P5-L5-M5-N5 | P5: 876.527 | Q5: 220.309 | R5: 222.275 | S5: 241.647 | T5: =U5-Q5-R5-S5 | U5: 921.247 | V5: 233.19 | W5: 233.988 | X5: 236.609 | Y5: =Z5-V5-W5-X5 | Z5: 942.602
A6: กำไรสุทธิ (รวม) | B6: -48.5 | C6: -58.89 | D6: -37.553 | E6: =F6-B6-C6-D6 | F6: -210.623 | G6: -49.978 | H6: -35.144 | I6: -25.28 | J6: =K6-G6-H6-I6 | K6: -112.271 | L6: -13.24 | M6: -5.875 | N6: 5.997 | O6: =P6-L6-M6-N6 | P6: -60.57 | Q6: 0.722 | R6: -4.117 | S6: -4.096 | T6: =U6-Q6-R6-S6 | U6: -5.596 | V6: 14.423 | W6: -14.973 | X6: -6.092 | Y6: =Z6-V6-W6-X6 | Z6: -3.355
A7: กำไรสุทธิ (ส่วนแม่) | B7: -48.531 | C7: -58.854 | D7: -36.74 | E7: =F7-B7-C7-D7 | F7: -209.093 | G7: -49.915 | H7: -35.074 | I7: -24.879 | J7: =K7-G7-H7-I7 | K7: -111.452 | L7: -11.584 | M7: -5.349 | N7: 6.344 | O7: =P7-L7-M7-N7 | P7: -54.265 | Q7: 1.637 | R7: -3.459 | S7: -3.001 | T7: =U7-Q7-R7-S7 | U7: -2.181 | V7: 14.963 | W7: -14.469 | X7: -5.466 | Y7: =Z7-V7-W7-X7 | Z7: -1.129
A8: ■ CENTEL
A9: รายได้รวม | B9: 2754.569 | C9: 2661.964 | D9: 2396.598 | E9: =F9-B9-C9-D9 | F9: 11528.506 | G9: 3851.608 | H9: 4296.949 | I9: 4527.85 | J9: =K9-G9-H9-I9 | K9: 18036.317 | L9: 5804.619 | M9: 5171.518 | N9: 5351.553 | O9: =P9-L9-M9-N9 | P9: 22261.37 | Q9: 6321.691 | R9: 5763.953 | S9: 5539.57 | T9: =U9-Q9-R9-S9 | U9: 23949.529 | V9: 6695.756 | W9: 5752.002 | X9: 5773.648 | Y9: =Z9-V9-W9-X9 | Z9: 25050.93
A10: รายได้อื่น | B10: 72.532 | C10: 264.614 | D10: 341.183 | E10: =F10-B10-C10-D10 | F10: 317.256 | G10: 170.493 | H10: 379.093 | I10: 384.698 | J10: =K10-G10-H10-I10 | K10: 534.308 | L10: 274.671 | M10: 495.957 | N10: 664.926 | O10: =P10-L10-M10-N10 | P10: 703.732 | Q10: 217.796 | R10: 674.042 | S10: 721.003 | T10: =U10-Q10-R10-S10 | U10: 900.661 | V10: 273.087 | W10: 578.369 | X10: 729.45 | Y10: =Z10-V10-W10-X10 | Z10: 1096.979
A11: ต้นทุนขาย (จริง) | B11: 1813.043 | C11: 1848.835 | D11: 1757.659 | E11: =F11-B11-C11-D11 | F11: 7613.439 | G11: 2285.245 | H11: 2518.558 | I11: 2669.11 | J11: =K11-G11-H11-I11 | K11: 10493.716 | L11: 3049.21 | M11: 3044.968 | N11: 3120.644 | O11: =P11-L11-M11-N11 | P11: 12710.76 | Q11: 3335.369 | R11: 3275.665 | S11: 3257.927 | T11: =U11-Q11-R11-S11 | U11: 13424.442 | V11: 3390.386 | W11: 3359.448 | X11: 3214.825 | Y11: =Z11-V11-W11-X11 | Z11: 13356.611
A12: กำไรสุทธิ (รวม) | B12: -480.758 | C12: -634.245 | D12: -832.299 | E12: =F12-B12-C12-D12 | F12: -1757.4 | G12: -23.161 | H12: 18.661 | I12: -90.175 | J12: =K12-G12-H12-I12 | K12: 414.432 | L12: 680.935 | M12: 99.086 | N12: 53.971 | O12: =P12-L12-M12-N12 | P12: 1256.213 | Q12: 785.318 | R12: 124.139 | S12: 150.556 | T12: =U12-Q12-R12-S12 | U12: 1696.274 | V12: 761.578 | W12: 85.859 | X12: 142.249 | Y12: =Z12-V12-W12-X12 | Z12: 1964.146
A13: กำไรสุทธิ (ส่วนแม่) | B13: -475.727 | C13: -606.493 | D13: -803.319 | E13: =F13-B13-C13-D13 | F13: -1733.207 | G13: -43.692 | H13: 22.063 | I13: -78.062 | J13: =K13-G13-H13-I13 | K13: 398.082 | L13: 629.08 | M13: 120.632 | N13: 73.772 | O13: =P13-L13-M13-N13 | P13: 1248.096 | Q13: 755.314 | R13: 167.522 | S13: 163.096 | T13: =U13-Q13-R13-S13 | U13: 1752.985 | V13: 747.845 | W13: 110.343 | X13: 160.361 | Y13: =Z13-V13-W13-X13 | Z13: 1992.902
A14: ■ DUSIT
A15: รายได้รวม | B15: 666.595 | C15: 632.841 | D15: 830.933 | E15: =F15-B15-C15-D15 | F15: 3427.418 | G15: 1112.198 | H15: 1033.032 | I15: 1257.963 | J15: =K15-G15-H15-I15 | K15: 5104.079 | L15: 1688.672 | M15: 1348.349 | N15: 1415.732 | O15: =P15-L15-M15-N15 | P15: 6361.84 | Q15: 2105.334 | R15: 1561.562 | S15: 1441.319 | T15: =U15-Q15-R15-S15 | U15: 11080.275 | V15: 2344.842 | W15: 1709.084 | X15: 1751.875 | Y15: =Z15-V15-W15-X15 | Z15: 8923.997
A16: รายได้อื่น | B16: 111.981 | C16: 95.873 | D16: 83.685 | E16: =F16-B16-C16-D16 | F16: 415.078 | G16: 78.605 | H16: 143.172 | I16: 244.914 | J16: =K16-G16-H16-I16 | K16: 613.544 | L16: 204.263 | M16: 212.948 | N16: 221.776 | O16: =P16-L16-M16-N16 | P16: 881.649 | Q16: 279.83 | R16: 170.769 | S16: 168.247 | T16: =U16-Q16-R16-S16 | U16: 905.859 | V16: 218.828 | W16: 213.603 | X16: 218.099 | Y16: =Z16-V16-W16-X16 | Z16: 1013.082
A17: ต้นทุนขาย (จริง) | B17: 508.519 | C17: 402.241 | D17: 541.069 | E17: =F17-B17-C17-D17 | F17: 2043.818 | G17: 618.443 | H17: 646.479 | I17: 721.753 | J17: =K17-G17-H17-I17 | K17: 2851.015 | L17: 897.178 | M17: 772.196 | N17: 843.255 | O17: =P17-L17-M17-N17 | P17: 3612.823 | Q17: 1105.459 | R17: 917.935 | S17: 888.69 | T17: =U17-Q17-R17-S17 | U17: 7228.101 | V17: 1355.983 | W17: 1068.566 | X17: 1139.186 | Y17: =Z17-V17-W17-X17 | Z17: 5378.316
A18: กำไรสุทธิ (รวม) | B18: 55.029 | C18: -407.99 | D18: -304.231 | E18: =F18-B18-C18-D18 | F18: -1023.973 | G18: -145.62 | H18: -275.736 | I18: -183.952 | J18: =K18-G18-H18-I18 | K18: -547.147 | L18: 11.324 | M18: -193.65 | N18: -253.504 | O18: =P18-L18-M18-N18 | P18: -584.066 | Q18: 126.005 | R18: -136.814 | S18: -571.999 | T18: =U18-Q18-R18-S18 | U18: -151.367 | V18: 36.15 | W18: -324.379 | X18: -422.865 | Y18: =Z18-V18-W18-X18 | Z18: -470.835
A19: กำไรสุทธิ (ส่วนแม่) | B19: 73.786 | C19: -375.562 | D19: -301.809 | E19: =F19-B19-C19-D19 | F19: -944.997 | G19: -128.665 | H19: -257.749 | I19: -161.23 | J19: =K19-G19-H19-I19 | K19: -501.462 | L19: 8.628 | M19: -185.949 | N19: -246.966 | O19: =P19-L19-M19-N19 | P19: -569.82 | Q19: 122.117 | R19: -130.848 | S19: -538.078 | T19: =U19-Q19-R19-S19 | U19: -236.765 | V19: 47.856 | W19: -290.72 | X19: -383.733 | Y19: =Z19-V19-W19-X19 | Z19: -453.313
A20: ■ ERW
A21: รายได้รวม | B21: 390.059 | C21: 269.132 | D21: 253.762 | E21: =F21-B21-C21-D21 | F21: 1641.258 | G21: 646.094 | H21: 1006.085 | I21: 1289.39 | J21: =K21-G21-H21-I21 | K21: 4717.288 | L21: 1774.625 | M21: 1641.935 | N21: 1742.8 | O21: =P21-L21-M21-N21 | P21: 7046.29 | Q21: 2119.357 | R21: 1843.268 | S21: 1856.024 | T21: =U21-Q21-R21-S21 | U21: 8053.926 | V21: 2135.663 | W21: 1753.339 | X21: 1788.638 | Y21: =Z21-V21-W21-X21 | Z21: 7937.392
A22: รายได้อื่น | B22: 16.644 | C22: 23.294 | D22: 70.719 | E22: =F22-B22-C22-D22 | F22: 77.118 | G22: 12.487 | H22: 69.651 | I22: 49.647 | J22: =K22-G22-H22-I22 | K22: 86.023 | L22: 25.444 | M22: 52.552 | N22: 48.472 | O22: =P22-L22-M22-N22 | P22: 52.98 | Q22: 14.968 | R22: 28.872 | S22: 33.976 | T22: =U22-Q22-R22-S22 | U22: 45.19 | V22: 6.865 | W22: 7.545 | X22: 23.796 | Y22: =Z22-V22-W22-X22 | Z22: 25.178
A23: ต้นทุนขาย (จริง) | B23: 315.026 | C23: 284.888 | D23: 286.682 | E23: =F23-B23-C23-D23 | F23: 1284.16 | G23: 404.82 | H23: 519.988 | I23: 607.211 | J23: =K23-G23-H23-I23 | K23: 2282.152 | L23: 775.229 | M23: 726.693 | N23: 757.077 | O23: =P23-L23-M23-N23 | P23: 3034.518 | Q23: 793.662 | R23: 809.742 | S23: 812.235 | T23: =U23-Q23-R23-S23 | U23: 3275.985 | V23: 836.589 | W23: 792.994 | X23: 801.101 | Y23: =Z23-V23-W23-X23 | Z23: 3265.028
A24: กำไรสุทธิ (รวม) | B24: -512.877 | C24: -716.788 | D24: -667.617 | E24: =F24-B24-C24-D24 | F24: -2155.372 | G24: -324.862 | H24: -143.041 | I24: -5.353 | J24: =K24-G24-H24-I24 | K24: -213.062 | L24: 237.391 | M24: 143.879 | N24: 155.228 | O24: =P24-L24-M24-N24 | P24: 759.877 | Q24: 428.404 | R24: 365.506 | S24: 124.49 | T24: =U24-Q24-R24-S24 | U24: 1312.506 | V24: 362.736 | W24: 69.78 | X24: 59.797 | Y24: =Z24-V24-W24-X24 | Z24: 904.756
A25: กำไรสุทธิ (ส่วนแม่) | B25: -491.944 | C25: -689.778 | D25: -622.789 | E25: =F25-B25-C25-D25 | F25: -2050.217 | G25: -313.095 | H25: -139.108 | I25: -11.52 | J25: =K25-G25-H25-I25 | K25: -224.19 | L25: 238.561 | M25: 141.969 | N25: 148.293 | O25: =P25-L25-M25-N25 | P25: 742.656 | Q25: 416.953 | R25: 361.434 | S25: 124.53 | T25: =U25-Q25-R25-S25 | U25: 1280.743 | V25: 345.382 | W25: 63.009 | X25: 56.6 | Y25: =Z25-V25-W25-X25 | Z25: 838.085
A26: ■ MANRIN
A27: รายได้รวม | B27: 9.414 | C27: 4.916 | D27: 2.01 | E27: 9.366 | F27: =B27+C27+D27+E27 | G27: 13.143 | H27: 32.014 | I27: 51.026 | J27: 71.111 | K27: =G27+H27+I27+J27 | L27: 76.04 | M27: 68.615 | N27: 90.678 | O27: 89.961 | P27: =L27+M27+N27+O27 | Q27: 93.403 | R27: 80.831 | S27: 99.856 | T27: =U27-Q27-R27-S27 | U27: 376.742 | V27: 97.881 | W27: 75.445 | X27: 95.086 | Y27: =Z27-V27-W27-X27 | Z27: 363.247
A28: รายได้อื่น | B28: 0.097 | C28: 1.16 | D28: 0.404 | E28: 1.277 | F28: =B28+C28+D28+E28 | G28: 0.435 | H28: 1.8 | I28: 0.271 | J28: 0.085 | K28: =G28+H28+I28+J28 | L28: 0.302 | M28: 0.279 | N28: 0.416 | O28: 0.343 | P28: =L28+M28+N28+O28 | Q28: 0.262 | R28: 0.338 | S28: 0.239 | T28: =U28-Q28-R28-S28 | U28: 1.161 | V28: 0.176 | W28: 0.532 | X28: 0.196 | Y28: =Z28-V28-W28-X28 | Z28: 1.015
A29: ต้นทุนขาย (จริง) | B29: 24.135 | C29: 22.547 | D29: 20.772 | E29: 24.077 | F29: =B29+C29+D29+E29 | G29: 27.44 | H29: 34.428 | I29: 42.762 | J29: 48.739 | K29: =G29+H29+I29+J29 | L29: 51.265 | M29: 46.198 | N29: 55.052 | O29: 52.535 | P29: =L29+M29+N29+O29 | Q29: 50.823 | R29: 46.844 | S29: 55.598 | T29: =U29-Q29-R29-S29 | U29: 210.68 | V29: 53.115 | W29: 48.048 | X29: 57.538 | Y29: =Z29-V29-W29-X29 | Z29: 213.736
A30: กำไรสุทธิ (รวม) | B30: -16.489 | C30: -22.583 | D30: 12.558 | E30: -22.328 | F30: =B30+C30+D30+E30 | G30: -30.293 | H30: -12.05 | I30: -4.503 | J30: 6.961 | K30: =G30+H30+I30+J30 | L30: 6.844 | M30: 1.195 | N30: 15.371 | O30: 11.273 | P30: =L30+M30+N30+O30 | Q30: 13.794 | R30: 6.882 | S30: 18.194 | T30: =U30-Q30-R30-S30 | U30: 50.821 | V30: 14.114 | W30: 3.665 | X30: 11.84 | Y30: =Z30-V30-W30-X30 | Z30: 39.818
A31: กำไรสุทธิ (ส่วนแม่) | B31: -16.489 | C31: -22.583 | D31: 12.558 | E31: -22.328 | F31: =B31+C31+D31+E31 | G31: -30.293 | H31: -12.05 | I31: -4.503 | J31: 6.961 | K31: =G31+H31+I31+J31 | L31: 6.844 | M31: 1.195 | N31: 15.371 | O31: 11.273 | P31: =L31+M31+N31+O31 | Q31: 13.794 | R31: 6.882 | S31: 18.194 | T31: =U31-Q31-R31-S31 | U31: 50.821 | V31: 14.114 | W31: 3.665 | X31: 11.84 | Y31: =Z31-V31-W31-X31 | Z31: 39.818
A32: ■ MINT
A33: รายได้รวม | B33: 12653.858 | C33: 15840.486 | D33: 20789.337 | E33: =F33-B33-C33-D33 | F33: 76211.261 | G33: 20672.252 | H33: 32348.359 | I33: 35153.927 | J33: =K33-G33-H33-I33 | K33: 124205.85 | L33: 32229.34 | M33: 40588.347 | N33: 39840.815 | O33: =P33-L33-M33-N33 | P33: 153049.24 | Q33: 37818.351 | R33: 44303.008 | S33: 41612.614 | T33: =U33-Q33-R33-S33 | U33: 165362.27 | V33: 37267.312 | W33: 43497.069 | X33: 41174.584 | Y33: =Z33-V33-W33-X33 | Z33: 165804.71
A34: รายได้อื่น | B34: 469.091 | C34: 1997.136 | D34: 1213.841 | E34: =F34-B34-C34-D34 | F34: 6096.415 | G34: 832.631 | H34: 720.23 | I34: 985.7 | J34: =K34-G34-H34-I34 | K34: 3411.985 | L34: 694.83 | M34: 487.442 | N34: 563.386 | O34: =P34-L34-M34-N34 | P34: 2344.767 | Q34: 950.347 | R34: 257.577 | S34: 693.591 | T34: =U34-Q34-R34-S34 | U34: 2764.749 | V34: 1481.442 | W34: 1105.297 | X34: 625.543 | Y34: =Z34-V34-W34-X34 | Z34: 4275.181
A35: ต้นทุนขาย (จริง) | B35: 8670.877 | C35: 9770.642 | D35: 11835.953 | E35: =F35-B35-C35-D35 | F35: 42471.697 | G35: 13113.487 | H35: 16080.254 | I35: 17222.59 | J35: =K35-G35-H35-I35 | K35: 63827.792 | L35: 17326.308 | M35: 19634.453 | N35: 19633.64 | O35: =P35-L35-M35-N35 | P35: 78150.469 | Q35: 20253.5 | R35: 22584.012 | S35: 21452.758 | T35: =U35-Q35-R35-S35 | U35: 85910.362 | V35: 20008.898 | W35: 22101.435 | X35: 21956.753 | Y35: =Z35-V35-W35-X35 | Z35: 86221.785
A36: กำไรสุทธิ (รวม) | B36: -7798.673 | C36: -4188.238 | D36: -551.893 | E36: =F36-B36-C36-D36 | F36: -14175.37 | G36: -4067.712 | H36: 1701.487 | I36: 4775.446 | J36: =K36-G36-H36-I36 | K36: 4522.68 | L36: -940.597 | M36: 3490.163 | N36: 2323.736 | O36: =P36-L36-M36-N36 | P36: 6087.974 | Q36: 1288.472 | R36: 3031.497 | S36: 361.424 | T36: =U36-Q36-R36-S36 | U36: 8601.924 | V36: 611.516 | W36: 3322.548 | X36: 2667.974 | Y36: =Z36-V36-W36-X36 | Z36: 9839.333
A37: กำไรสุทธิ (ส่วนแม่) | B37: -7249.723 | C37: -3923.912 | D37: -435.558 | E37: =F37-B37-C37-D37 | F37: -13166.508 | G37: -3793.733 | H37: 1561.499 | I37: 4607.942 | J37: =K37-G37-H37-I37 | K37: 4286.373 | L37: -975.899 | M37: 3255.129 | N37: 2143.757 | O37: =P37-L37-M37-N37 | P37: 5407.055 | Q37: 1146.079 | R37: 2823.217 | S37: 149.396 | T37: =U37-Q37-R37-S37 | U37: 7750.222 | V37: 416.865 | W37: 3085.506 | X37: 2553.479 | Y37: =Z37-V37-W37-X37 | Z37: 9009.342
A38: ■ OHTL
A39: รายได้รวม | B39: 150.921 | C39: 84.16 | D39: 106.611 | E39: =F39-B39-C39-D39 | F39: 562.367 | G39: 253.984 | H39: 335.731 | I39: 479.84 | J39: =K39-G39-H39-I39 | K39: 1931.398 | L39: 687.622 | M39: 546.382 | N39: 574.546 | O39: =P39-L39-M39-N39 | P39: 2520.311 | Q39: 773.141 | R39: 525.654 | S39: 621.464 | T39: =U39-Q39-R39-S39 | U39: 2705.661 | V39: 789.301 | W39: 433.486 | X39: 478.331 | Y39: =Z39-V39-W39-X39 | Z39: 2524.941
A40: รายได้อื่น | B40: 0.201 | C40: 0.022 | D40: 0.062 | E40: =F40-B40-C40-D40 | F40: 0.369 | G40: 1.705 | H40: 0.296 | I40: 0.333 | J40: =K40-G40-H40-I40 | K40: 3.627 | L40: 1.069 | M40: 0.71 | N40: 0.604 | O40: =P40-L40-M40-N40 | P40: 3.488 | Q40: 1.18 | R40: 0.747 | S40: 0.763 | T40: =U40-Q40-R40-S40 | U40: 3.875 | V40: 0.857 | W40: 1.455 | X40: 0.607 | Y40: =Z40-V40-W40-X40 | Z40: 2.68
A41: ต้นทุนขาย (จริง) | B41: 217.638 | C41: 183.835 | D41: 176.104 | E41: =F41-B41-C41-D41 | F41: 795.12 | G41: 235.337 | H41: 264.835 | I41: 321.314 | J41: =K41-G41-H41-I41 | K41: 1193.08 | L41: 323.953 | M41: 311.278 | N41: 354.249 | O41: =P41-L41-M41-N41 | P41: 1355.378 | Q41: 348.903 | R41: 307.95 | S41: 368.041 | T41: =U41-Q41-R41-S41 | U41: 1393.389 | V41: 332.62 | W41: 280.816 | X41: 331.191 | Y41: =Z41-V41-W41-X41 | Z41: 1332.588
A42: กำไรสุทธิ (รวม) | B42: -155.476 | C42: -167.678 | D42: -174.236 | E42: =F42-B42-C42-D42 | F42: -620.641 | G42: -112.251 | H42: -58.2 | I42: -8.022 | J42: =K42-G42-H42-I42 | K42: 88.208 | L42: 127.765 | M42: 34.223 | N42: 16.205 | O42: =P42-L42-M42-N42 | P42: 277.444 | Q42: 163.092 | R42: 35.838 | S42: 57.065 | T42: =U42-Q42-R42-S42 | U42: 420.022 | V42: 193.859 | W42: -21.696 | X42: -26.018 | Y42: =Z42-V42-W42-X42 | Z42: 313.694
A43: กำไรสุทธิ (ส่วนแม่) | B43: -155.476 | C43: -167.678 | D43: -174.236 | E43: =F43-B43-C43-D43 | F43: -620.641 | G43: -112.251 | H43: -58.2 | I43: -8.022 | J43: =K43-G43-H43-I43 | K43: 88.208 | L43: 127.765 | M43: 34.223 | N43: 16.205 | O43: =P43-L43-M43-N43 | P43: 277.444 | Q43: 163.092 | R43: 35.838 | S43: 57.065 | T43: =U43-Q43-R43-S43 | U43: 420.022 | V43: 193.859 | W43: -21.696 | X43: -26.018 | Y43: =Z43-V43-W43-X43 | Z43: 313.694
A44: ■ SHANG
A45: รายได้รวม | B45: 77.037 | C45: 65.757 | D45: 72.796 | E45: =F45-B45-C45-D45 | F45: 355.874 | G45: 126.409 | H45: 199.551 | I45: 364.513 | J45: =K45-G45-H45-I45 | K45: 1201.012 | L45: 601.976 | M45: 448.375 | N45: 508.461 | O45: =P45-L45-M45-N45 | P45: 2186.19 | Q45: 701.44 | R45: 471.877 | S45: 510.709 | T45: =U45-Q45-R45-S45 | U45: 2430.166 | V45: 659.954 | W45: 401.638 | X45: 467.158 | Y45: =Z45-V45-W45-X45 | Z45: 2153.389
A46: รายได้อื่น | B46: 2.074 | C46: 28.913 | D46: 20.554 | E46: =F46-B46-C46-D46 | F46: 21.366 | G46: 3.269 | H46: 39.261 | I46: 44.847 | J46: =K46-G46-H46-I46 | K46: 25.114 | L46: 4.414 | M46: 26.406 | N46: 31.478 | O46: =P46-L46-M46-N46 | P46: 29.154 | Q46: 14.6 | R46: 55.858 | S46: 43.349 | T46: =U46-Q46-R46-S46 | U46: 95.286 | V46: 4.999 | W46: 20.425 | X46: 55.466 | Y46: =Z46-V46-W46-X46 | Z46: 20.237
A47: ต้นทุนขาย (จริง) | B47: 59.991 | C47: 53.13 | D47: 57.563 | E47: =F47-B47-C47-D47 | F47: 251.839 | G47: 67.552 | H47: 82.545 | I47: 128.473 | J47: =K47-G47-H47-I47 | K47: 448.111 | L47: 164.22 | M47: 140.662 | N47: 176.621 | O47: =P47-L47-M47-N47 | P47: 676.828 | Q47: 191.092 | R47: 151.669 | S47: 175.902 | T47: =U47-Q47-R47-S47 | U47: 734.166 | V47: 188.579 | W47: 145.967 | X47: 166.785 | Y47: =Z47-V47-W47-X47 | Z47: 695.217
A48: กำไรสุทธิ (รวม) | B48: -84.025 | C48: -107.398 | D48: -113.631 | E48: =F48-B48-C48-D48 | F48: -486.364 | G48: -84.618 | H48: -43.38 | I48: 62.364 | J48: =K48-G48-H48-I48 | K48: -73.894 | L48: 117.248 | M48: 102.171 | N48: 66.246 | O48: =P48-L48-M48-N48 | P48: 139.518 | Q48: 223.647 | R48: 90.274 | S48: 34.719 | T48: =U48-Q48-R48-S48 | U48: 370.976 | V48: 159.821 | W48: -40.895 | X48: 87.081 | Y48: =Z48-V48-W48-X48 | Z48: 240.904
A49: กำไรสุทธิ (ส่วนแม่) | B49: -84.019 | C49: -113.427 | D49: -114.035 | E49: =F49-B49-C49-D49 | F49: -492.81 | G49: -84.631 | H49: -44.856 | I49: 60.434 | J49: =K49-G49-H49-I49 | K49: -80.191 | L49: 116.072 | M49: 101.987 | N49: 66.148 | O49: =P49-L49-M49-N49 | P49: 137.986 | Q49: 223.643 | R49: 90.267 | S49: 34.715 | T49: =U49-Q49-R49-S49 | U49: 370.956 | V49: 159.817 | W49: -40.892 | X49: 87.09 | Y49: =Z49-V49-W49-X49 | Z49: 240.912
A50: ■ SHR
A51: รายได้รวม | B51: 692.241 | C51: 837.966 | D51: 1433.64 | E51: =F51-B51-C51-D51 | F51: 4689.55 | G51: 1700.05 | H51: 2094.021 | I51: 2466.344 | J51: =K51-G51-H51-I51 | K51: 8824.288 | L51: 2576.759 | M51: 2318.612 | N51: 2495.846 | O51: =P51-L51-M51-N51 | P51: 10096.755 | Q51: 2781.537 | R51: 2527.774 | S51: 2538.71 | T51: =U51-Q51-R51-S51 | U51: 10558.246 | V51: 2649.224 | W51: 2431.997 | X51: 2604.449 | Y51: =Z51-V51-W51-X51 | Z51: 10411.173
A52: รายได้อื่น | B52: 148.477 | C52: 34.821 | D52: 12.028 | E52: =F52-B52-C52-D52 | F52: 177.096 | G52: 10.428 | H52: 22.688 | I52: 104.247 | J52: =K52-G52-H52-I52 | K52: 131.735 | L52: 32.486 | M52: 41.534 | N52: 95.017 | O52: =P52-L52-M52-N52 | P52: 395.675 | Q52: 38.763 | R52: 58.683 | S52: 5.019 | T52: =U52-Q52-R52-S52 | U52: 206 | V52: 27.131 | W52: 30.904 | X52: 26.163 | Y52: =Z52-V52-W52-X52 | Z52: 111.837
A53: ต้นทุนขาย (จริง) | B53: 566.057 | C53: 785.536 | D53: 1018.67 | E53: =F53-B53-C53-D53 | F53: 3595.957 | G53: 1258.798 | H53: 1427.143 | I53: 1528.194 | J53: =K53-G53-H53-I53 | K53: 5807.443 | L53: 1604.888 | M53: 1598.95 | N53: 1548.071 | O53: =P53-L53-M53-N53 | P53: 6326.417 | Q53: 1633.455 | R53: 1657.384 | S53: 1565.109 | T53: =U53-Q53-R53-S53 | U53: 6450.213 | V53: 1582.956 | W53: 1528.045 | X53: 1544.681 | Y53: =Z53-V53-W53-X53 | Z53: 6279.64
A54: กำไรสุทธิ (รวม) | B54: -310.898 | C54: -571.435 | D54: -281.861 | E54: =F54-B54-C54-D54 | F54: -1234.222 | G54: -204.086 | H54: -96.879 | I54: 207.484 | J54: =K54-G54-H54-I54 | K54: 14.382 | L54: 124.881 | M54: 3.004 | N54: 15.01 | O54: =P54-L54-M54-N54 | P54: 86.407 | Q54: 111.624 | R54: -71.592 | S54: -53.396 | T54: =U54-Q54-R54-S54 | U54: 133.934 | V54: 175.544 | W54: 24.22 | X54: 128.587 | Y54: =Z54-V54-W54-X54 | Z54: -1586.048
A55: กำไรสุทธิ (ส่วนแม่) | B55: -310.898 | C55: -571.435 | D55: -281.861 | E55: =F55-B55-C55-D55 | F55: -1234.222 | G55: -204.086 | H55: -96.879 | I55: 207.484 | J55: =K55-G55-H55-I55 | K55: 14.382 | L55: 124.881 | M55: -117.222 | N55: 15.01 | O55: =P55-L55-M55-N55 | P55: 86.407 | Q55: 111.624 | R55: -71.592 | S55: -53.396 | T55: =U55-Q55-R55-S55 | U55: 133.934 | V55: 175.544 | W55: 24.22 | X55: 128.587 | Y55: =Z55-V55-W55-X55 | Z55: -1586.048
A56: ■ VRANDA
A57: รายได้รวม | B57: 356.129 | C57: 314.481 | D57: 239.763 | E57: =F57-B57-C57-D57 | F57: 1307.472 | G57: 306.885 | H57: 323.864 | I57: 329.927 | J57: =K57-G57-H57-I57 | K57: 1365.82 | L57: 382.669 | M57: 315.369 | N57: 328.523 | O57: =P57-L57-M57-N57 | P57: 1402.468 | Q57: 420.897 | R57: 348.916 | S57: 389.591 | T57: =U57-Q57-R57-S57 | U57: 1537.433 | V57: 427.929 | W57: 314.521 | X57: 362.011 | Y57: =Z57-V57-W57-X57 | Z57: 1577.181
A58: รายได้อื่น | B58: 17.274 | C58: 8.55 | D58: 5.76 | E58: =F58-B58-C58-D58 | F58: 37.031 | G58: 15.989 | H58: 11.119 | I58: 7.932 | J58: =K58-G58-H58-I58 | K58: 44.869 | L58: 9.34 | M58: 8.963 | N58: 6.424 | O58: =P58-L58-M58-N58 | P58: 31.828 | Q58: 12.142 | R58: 6.223 | S58: 6.399 | T58: =U58-Q58-R58-S58 | U58: 35.426 | V58: 15.045 | W58: 9.314 | X58: 24.719 | Y58: =Z58-V58-W58-X58 | Z58: 46.964
A59: ต้นทุนขาย (จริง) | B59: 111.345 | C59: 89.117 | D59: 90.499 | E59: =F59-B59-C59-D59 | F59: 433.732 | G59: 130.674 | H59: 152.008 | I59: 166.305 | J59: =K59-G59-H59-I59 | K59: 639.546 | L59: 180.764 | M59: 175.78 | N59: 177.091 | O59: =P59-L59-M59-N59 | P59: 723.39 | Q59: 189.69 | R59: 174.55 | S59: 178.731 | T59: =U59-Q59-R59-S59 | U59: 739.745 | V59: 218.02 | W59: 199.239 | X59: 211.94 | Y59: =Z59-V59-W59-X59 | Z59: 866.224
A60: กำไรสุทธิ (รวม) | B60: -34.673 | C60: -35.359 | D60: -49.808 | E60: =F60-B60-C60-D60 | F60: -107.249 | G60: -21.359 | H60: 1.719 | I60: 2.03 | J60: =K60-G60-H60-I60 | K60: 1.112 | L60: 7.072 | M60: -14.771 | N60: -20.352 | O60: =P60-L60-M60-N60 | P60: -140.769 | Q60: 36.301 | R60: 0.667 | S60: 5.086 | T60: =U60-Q60-R60-S60 | U60: 51.188 | V60: 42.867 | W60: 11.881 | X60: 1.842 | Y60: =Z60-V60-W60-X60 | Z60: 100.784
A61: กำไรสุทธิ (ส่วนแม่) | B61: -34.673 | C61: -35.359 | D61: -49.808 | E61: =F61-B61-C61-D61 | F61: -107.249 | G61: -21.359 | H61: 1.719 | I61: 2.03 | J61: =K61-G61-H61-I61 | K61: 1.112 | L61: 7.072 | M61: -14.771 | N61: -20.352 | O61: =P61-L61-M61-N61 | P61: -140.769 | Q61: 36.301 | R61: 0.667 | S61: 5.086 | T61: =U61-Q61-R61-S61 | U61: 51.188 | V61: 42.867 | W61: 11.881 | X61: 1.842 | Y61: =Z61-V61-W61-X61 | Z61: 100.784

Sheet BS_Timeline
A1: รายการ (ยอดคงเหลือ, ล้านบาท) | B1: 31-Dec-2563 | C1: 31-Mar-2564 | D1: 30-Jun-2564 | E1: 30-Sep-2564 | F1: 31-Dec-2564 | G1: 31-Mar-2565 | H1: 30-Jun-2565 | I1: 30-Sep-2565 | J1: 31-Dec-2565 | K1: 31-Mar-2566 | L1: 30-Jun-2566 | M1: 30-Sep-2566 | N1: 31-Dec-2566 | O1: 31-Mar-2567 | P1: 30-Jun-2567 | Q1: 30-Sep-2567 | R1: 31-Dec-2567 | S1: 31-Mar-2568 | T1: 30-Jun-2568 | U1: 30-Sep-2568 | V1: 31-Dec-2568
A2: ■ ASIA
A3: ลูกหนี้การค้า | B3: 136.25 | C3: 145.444 | D3: 139.641 | E3: 198.409 | F3: 134.447 | G3: 140.663 | H3: 142.238 | I3: 127.504 | J3: 137.68 | K3: 150.621 | L3: 143.885 | M3: 149.662 | N3: 122.044 | O3: 125.417 | P3: 115.971 | Q3: 105.384 | R3: 87.279 | S3: 83.364 | T3: 80.907 | U3: 89.843 | V3: 90.573
A4: สินค้าคงเหลือ | B4: 40.331 | C4: 39.374 | D4: 39.459 | E4: 39.702 | F4: 39.693 | G4: 39.429 | H4: 39.954 | I4: 39.43 | J4: 40.001 | K4: 40.924 | L4: 41.095 | M4: 42.135 | N4: 43.539 | O4: 43.141 | P4: 43.78 | Q4: 44.865 | R4: 46.247 | S4: 45.81 | T4: 45.767 | U4: 45.987 | V4: 46.002
A5: เจ้าหนี้การค้า | B5: 116.615 | C5: 103.557 | D5: 86.577 | E5: 92.384 | F5: 82.438 | G5: 82.773 | H5: 100.259 | I5: 109.055 | J5: 116.107 | K5: 125.439 | L5: 118.84 | M5: 118.148 | N5: 118.752 | O5: 123.558 | P5: 123.974 | Q5: 122.209 | R5: 140.797 | S5: 122.033 | T5: 118.6 | U5: 119.99 | V5: 150.322
A6: สินทรัพย์รวม | B6: 9569.274 | C6: 9453.576 | D6: 9433.053 | E6: 9416.727 | F6: 10500.936 | G6: 10401.72 | H6: 10389.057 | I6: 10415.012 | J6: 10456.552 | K6: 10324.99 | L6: 10277.756 | M6: 10250.041 | N6: 10212.295 | O6: 10195.015 | P6: 10337.145 | Q6: 10147.093 | R6: 10140.751 | S6: 10218.289 | T6: 10013.388 | U6: 9975.582 | V6: 10336.316
A7: ส่วนของเจ้าของรวม | B7: 5340.39 | C7: 5272.208 | D7: 5225.804 | E7: 5220.527 | F7: 6070.568 | G7: 6056.51 | H7: 6057.951 | I7: 6077.899 | J7: 6092.038 | K7: 6072.954 | L7: 6068.102 | M7: 6085.32 | N7: 6049.842 | O7: 6075.806 | P7: 6073.584 | Q7: 5982.58 | R7: 6008.757 | S7: 6021.921 | T7: 5951.899 | U7: 5943.492 | V7: 5913.129
A8: หนี้สินรวม | B8: 4228.883 | C8: 4181.369 | D8: 4207.248 | E8: 4196.199 | F8: 4430.368 | G8: 4345.21 | H8: 4331.106 | I8: 4337.113 | J8: 4364.514 | K8: 4252.036 | L8: 4209.654 | M8: 4164.722 | N8: 4162.454 | O8: 4119.209 | P8: 4263.561 | Q8: 4164.514 | R8: 4131.994 | S8: 4196.368 | T8: 4061.489 | U8: 4032.09 | V8: 4423.187
A9: ■ CENTEL
A10: ลูกหนี้การค้า | B10: 514.365 | C10: 547.528 | D10: 617.865 | E10: 636.505 | F10: 801.362 | G10: 1000.029 | H10: 942.428 | I10: 1016.611 | J10: 1227.403 | K10: 1302.916 | L10: 758.174 | M10: 829.43 | N10: 1518.978 | O10: 1316.054 | P10: 935.457 | Q10: 861.291 | R10: 1207.737 | S10: 1141.727 | T10: 794.157 | U10: 815.54 | V10: 961.72
A11: สินค้าคงเหลือ | B11: 781.75 | C11: 724.063 | D11: 709.102 | E11: 692.58 | F11: 747.784 | G11: 708.707 | H11: 761.576 | I11: 810.562 | J11: 1023.892 | K11: 921.844 | L11: 947.188 | M11: 994.67 | N11: 982.422 | O11: 833.05 | P11: 781.03 | Q11: 850.04 | R11: 904.759 | S11: 834.687 | T11: 818.407 | U11: 749.963 | V11: 868.216
A12: เจ้าหนี้การค้า | B12: 1872.976 | C12: 1709.627 | D12: 2025.123 | E12: 2231.583 | F12: 2669.31 | G12: 2499.627 | H12: 2692.844 | I12: 2944.464 | J12: 3459.77 | K12: 3104.468 | L12: 2603.264 | M12: 2676.562 | N12: 3445.335 | O12: 2946.41 | P12: 3422.567 | Q12: 3499.966 | R12: 4423.239 | S12: 3316.245 | T12: 3165.901 | U12: 3237.658 | V12: 3929.778
A13: สินทรัพย์รวม | B13: 35350.143 | C13: 35606.005 | D13: 47682.473 | E13: 47879.915 | F13: 48592.543 | G13: 48299.979 | H13: 48024.246 | I13: 48487.277 | J13: 48165.592 | K13: 53217.562 | L13: 55207.933 | M13: 53693.546 | N13: 54203.613 | O13: 54465.345 | P13: 56258.126 | Q13: 56536.705 | R13: 60760.633 | S13: 60445.465 | T13: 61666.464 | U13: 61162.494 | V13: 62728.019
A14: ส่วนของเจ้าของรวม | B14: 10215.557 | C14: 9870.319 | D14: 18980.132 | E14: 18303.915 | F14: 18431.688 | G14: 18406.311 | H14: 18618.833 | I14: 18831.117 | J14: 18890.728 | K14: 19545.804 | L14: 19812.619 | M14: 20005.735 | N14: 20017.983 | O14: 21173.536 | P14: 20811.002 | Q14: 19919.18 | R14: 20949.737 | S14: 21712.54 | T14: 21693.156 | U14: 21785.05 | V14: 22614.472
A15: หนี้สินรวม | B15: 25134.586 | C15: 25735.686 | D15: 28702.341 | E15: 29576 | F15: 30160.854 | G15: 29893.668 | H15: 29405.413 | I15: 29656.16 | J15: 29274.864 | K15: 33671.758 | L15: 35395.314 | M15: 33687.811 | N15: 34185.63 | O15: 33291.809 | P15: 35447.124 | Q15: 36617.525 | R15: 39810.895 | S15: 38732.925 | T15: 39973.308 | U15: 39377.444 | V15: 40113.547
A16: ■ DUSIT
A17: ลูกหนี้การค้า | B17: 653.419 | C17: 690.047 | D17: 356.836 | E17: 391.843 | F17: 437.811 | G17: 474.284 | H17: 468.063 | I17: 479.575 | J17: 533.587 | K17: 608.309 | L17: 551.16 | M17: 541.537 | N17: 588.034 | O17: 696.411 | P17: 633.355 | Q17: 605.209 | R17: 1145.08 | S17: 1319.728 | T17: 1178.171 | U17: 1153.552 | V17: 1482.137
A18: สินค้าคงเหลือ | B18: 60.804 | C18: 57.8 | D18: 61.041 | E18: 60.491 | F18: 64.645 | G18: 62.979 | H18: 97.569 | I18: 96.346 | J18: 108.936 | K18: 101.163 | L18: 96.155 | M18: 104.491 | N18: 111.339 | O18: 110.28 | P18: 103.673 | Q18: 113.651 | R18: 130.736 | S18: 131.598 | T18: 119.126 | U18: 124.156 | V18: 133.654
A19: เจ้าหนี้การค้า | B19: 1387.644 | C19: 1320.651 | D19: 1288.561 | E19: 1079.508 | F19: 1120.696 | G19: 1183.463 | H19: 1340.928 | I19: 1499.649 | J19: 1924.155 | K19: 1590.817 | L19: 1583.687 | M19: 1535.035 | N19: 1963.555 | O19: 1958.66 | P19: 1985.955 | Q19: 1551.973 | R19: 1909.206 | S19: 2054.776 | T19: 1621.867 | U19: 1869.877 | V19: 2068.782
A20: สินทรัพย์รวม | B20: 22837.787 | C20: 22906.168 | D20: 23480.262 | E20: 23205.748 | F20: 23784.095 | G20: 23633.973 | H20: 24406.326 | I20: 25174.767 | J20: 26229.168 | K20: 26120.156 | L20: 26372.37 | M20: 26866.736 | N20: 27921.871 | O20: 29137.063 | P20: 36091.311 | Q20: 36535.809 | R20: 38270.77 | S20: 38766.715 | T20: 38218.557 | U20: 38640.11 | V20: 39722.107
A21: ส่วนของเจ้าของรวม | B21: 4941.623 | C21: 5018.146 | D21: 4598.673 | E21: 4270.658 | F21: 3894.707 | G21: 3745.462 | H21: 3382.117 | I21: 4939.511 | J21: 5044.523 | K21: 4996.057 | L21: 4779.847 | M21: 4459.141 | N21: 4313.116 | O21: 4358.869 | P21: 9148.35 | Q21: 8405.571 | R21: 8788.435 | S21: 8750.937 | T21: 8416.257 | U21: 7941.989 | V21: 8261.867
A22: หนี้สินรวม | B22: 17896.164 | C22: 17888.022 | D22: 18881.589 | E22: 18935.09 | F22: 19889.388 | G22: 19888.511 | H22: 21024.209 | I22: 20235.256 | J22: 21184.645 | K22: 21124.099 | L22: 21592.523 | M22: 22407.595 | N22: 23608.755 | O22: 24778.194 | P22: 26942.961 | Q22: 28130.238 | R22: 29482.335 | S22: 30015.778 | T22: 29802.3 | U22: 30698.121 | V22: 31460.24
A23: ■ ERW
A24: ลูกหนี้การค้า | B24: 76.587 | C24: 66.958 | D24: 47.166 | E24: 53.535 | F24: 99.854 | G24: 116.99 | H24: 115.151 | I24: 145.022 | J24: 159.805 | K24: 155.536 | L24: 129.797 | M24: 127.605 | N24: 169.827 | O24: 150.106 | P24: 143.792 | Q24: 139.711 | R24: 222.438 | S24: 160.189 | T24: 120.711 | U24: 155.074 | V24: 232.438
A25: สินค้าคงเหลือ | B25: 46.207 | C25: 40.275 | D25: 38.527 | E25: 37.071 | F25: 39.306 | G25: 35.258 | H25: 37.341 | I25: 38.492 | J25: 43.467 | K25: 37.421 | L25: 37.818 | M25: 41.197 | N25: 48.963 | O25: 42.976 | P25: 40.795 | Q25: 41.77 | R25: 42.817 | S25: 41.126 | T25: 39.848 | U25: 42.315 | V25: 40.396
A26: เจ้าหนี้การค้า | B26: 144.666 | C26: 103.802 | D26: 70.728 | E26: 70.03 | F26: 142.676 | G26: 106.87 | H26: 126.184 | I26: 142.653 | J26: 234.513 | K26: 173.704 | L26: 150.803 | M26: 180.31 | N26: 226.853 | O26: 209.768 | P26: 192.776 | Q26: 169.55 | R26: 266.009 | S26: 175.013 | T26: 154.434 | U26: 180.07 | V26: 257.323
A27: สินทรัพย์รวม | B27: 21214.717 | C27: 21048.98 | D27: 23603.712 | E27: 23296.713 | F27: 22450.213 | G27: 22388.076 | H27: 21250.682 | I27: 21433.702 | J27: 21711.812 | K27: 21482.14 | L27: 21552.764 | M27: 23814.068 | N27: 23674.931 | O27: 23907.039 | P27: 25567.646 | Q27: 24928.592 | R27: 26246.078 | S27: 25917.3 | T27: 25764.928 | U27: 25461.134 | V27: 26459.926
A28: ส่วนของเจ้าของรวม | B28: 3928.559 | C28: 3439.943 | D28: 6959.668 | E28: 6309.161 | F28: 6022.719 | G28: 5657.401 | H28: 5551.743 | I28: 5566.029 | J28: 5721.626 | K28: 5980.403 | L28: 6166.695 | M28: 6277.706 | N28: 6369.945 | O28: 6831.886 | P28: 7860.623 | Q28: 7834.106 | R28: 9491.813 | S28: 9919.18 | T28: 9508.7 | U28: 9481.112 | V28: 9787.165
A29: หนี้สินรวม | B29: 17286.158 | C29: 17609.037 | D29: 16644.044 | E29: 16987.552 | F29: 16427.494 | G29: 16730.675 | H29: 15698.939 | I29: 15867.673 | J29: 15990.185 | K29: 15501.737 | L29: 15386.069 | M29: 17536.362 | N29: 17304.986 | O29: 17075.153 | P29: 17707.023 | Q29: 17094.486 | R29: 16754.265 | S29: 15998.12 | T29: 16256.228 | U29: 15980.022 | V29: 16672.762
A30: ■ MANRIN
A31: ลูกหนี้การค้า | B31: 3.025 | C31: 4.021 | D31: 4.634 | E31: 5.573 | F31: 5.767 | G31: 6.469 | H31: 9.369 | I31: 12.364 | J31: 10.382 | K31: 11.744 | L31: 11.053 | M31: 12.165 | N31: 12.261 | O31: 18.823 | P31: 10.99 | Q31: 15.883 | R31: 13.217 | S31: 16.179 | T31: 13.7 | U31: 12.902 | V31: 10.615
A32: สินค้าคงเหลือ | B32: 1.394 | C32: 1.236 | D32: 1.41 | E32: 1.361 | F32: 1.243 | G32: 1.047 | H32: 0.965 | I32: 0.985 | J32: 1.184 | K32: 1.305 | L32: 1.217 | M32: 1.213 | N32: 1.33 | O32: 1.039 | P32: 1.161 | Q32: 1.112 | R32: 1.626 | S32: 1.348 | T32: 1.28 | U32: 1.129 | V32: 1.637
A33: เจ้าหนี้การค้า | B33: 13.798 | C33: 13.426 | D33: 9.601 | E33: 9.201 | F33: 12.22 | G33: 16.715 | H33: 22.378 | I33: 32.985 | J33: 32.359 | K33: 26.155 | L33: 26.195 | M33: 26.106 | N33: 27.752 | O33: 31.306 | P33: 36.151 | Q33: 34.527 | R33: 40.06 | S33: 29.991 | T33: 32.141 | U33: 38.208 | V33: 30.444
A34: สินทรัพย์รวม | B34: 848.837 | C34: 871.25 | D34: 844.104 | E34: 855.513 | F34: 835.445 | G34: 808.893 | H34: 801.741 | I34: 807.069 | J34: 811.325 | K34: 804.05 | L34: 747.358 | M34: 754.702 | N34: 759.002 | O34: 722.818 | P34: 698.999 | Q34: 699.754 | R34: 691.668 | S34: 669.244 | T34: 668.521 | U34: 669.475 | V34: 645.327
A35: ส่วนของเจ้าของรวม | B35: 439.059 | C35: 422.571 | D35: 399.987 | E35: 412.545 | F35: 390.217 | G35: 359.923 | H35: 347.873 | I35: 343.37 | J35: 353.04 | K35: 359.884 | L35: 361.079 | M35: 376.451 | N35: 387.724 | O35: 401.518 | P35: 408.4 | Q35: 426.595 | R35: 438.545 | S35: 452.659 | T35: 456.324 | U35: 468.164 | V35: 476.449
A36: หนี้สินรวม | B36: 409.778 | C36: 448.679 | D36: 444.117 | E36: 442.968 | F36: 445.228 | G36: 448.969 | H36: 453.868 | I36: 463.699 | J36: 458.286 | K36: 444.166 | L36: 386.279 | M36: 378.251 | N36: 371.278 | O36: 321.299 | P36: 290.599 | Q36: 273.159 | R36: 253.123 | S36: 216.585 | T36: 212.197 | U36: 201.311 | V36: 168.877
A37: ■ MINT
A38: ลูกหนี้การค้า | B38: 14523.92 | C38: 14721.379 | D38: 14396.577 | E38: 16127.792 | F38: 16864.816 | G38: 20758.575 | H38: 19195.547 | I38: 20887.878 | J38: 19372.997 | K38: 20232.1 | L38: 21612.902 | M38: 22006.368 | N38: 20564.327 | O38: 19703.261 | P38: 20247.792 | Q38: 18407.006 | R38: 13970.341 | S38: 14945.937 | T38: 15751.811 | U38: 17466.545 | V38: 15911.602
A39: สินค้าคงเหลือ | B39: 3682.608 | C39: 3667.674 | D39: 3636.485 | E39: 3777.876 | F39: 3490.183 | G39: 3671.525 | H39: 3982.958 | I39: 3907.026 | J39: 3909.198 | K39: 3817.805 | L39: 3981.635 | M39: 3875.773 | N39: 3820.416 | O39: 3756.272 | P39: 3907.044 | Q39: 3908.265 | R39: 3917.636 | S39: 4088.494 | T39: 4157.115 | U39: 4137.789 | V39: 3921.48
A40: เจ้าหนี้การค้า | B40: 15310.438 | C40: 15245.522 | D40: 15838.852 | E40: 17618.801 | F40: 18393.64 | G40: 18781.601 | H40: 19282.544 | I40: 20414.772 | J40: 21806.521 | K40: 21635.269 | L40: 24038.032 | M40: 23542.235 | N40: 24953.308 | O40: 24726.24 | P40: 23792.342 | Q40: 22804.063 | R40: 24414.611 | S40: 22052.993 | T40: 24610.107 | U40: 23955.136 | V40: 25606.359
A41: สินทรัพย์รวม | B41: 362326.52 | C41: 353002.88 | D41: 362628.36 | E41: 359719.89 | F41: 369632.89 | G41: 363430.99 | H41: 364423.44 | I41: 370265.42 | J41: 358209.76 | K41: 362049.41 | L41: 371204.82 | M41: 370070.46 | N41: 359195.92 | O41: 368813.48 | P41: 372383.17 | Q41: 344558.58 | R41: 346844.93 | S41: 355544.01 | T41: 366301.08 | U41: 356649.37 | V41: 357329.67
A42: ส่วนของเจ้าของรวม | B42: 76323.903 | C42: 69419.738 | D42: 65612.425 | E42: 63481.21 | F42: 79492.43 | G42: 75663.465 | H42: 79308.323 | I42: 84082.853 | J42: 82608.97 | K42: 92390.46 | L42: 85719.937 | M42: 88073.206 | N42: 87294.557 | O42: 91861.587 | P42: 94773.579 | Q42: 89490.583 | R42: 99136.831 | S42: 98317.427 | T42: 99185.386 | U42: 94833.336 | V42: 96985.657
A43: หนี้สินรวม | B43: 286002.61 | C43: 283583.14 | D43: 297015.93 | E43: 296238.68 | F43: 290140.46 | G43: 287767.52 | H43: 285115.11 | I43: 286182.56 | J43: 275600.79 | K43: 269658.96 | L43: 285484.89 | M43: 281997.25 | N43: 271901.37 | O43: 276951.89 | P43: 277609.59 | Q43: 255068 | R43: 247708.1 | S43: 257226.58 | T43: 267115.69 | U43: 261816.04 | V43: 260344.01
A44: ■ OHTL
A45: ลูกหนี้การค้า | B45: 46.356 | C45: 30.211 | D45: 29.348 | E45: 45.735 | F45: 67.103 | G45: 48.531 | H45: 61.559 | I45: 68.984 | J45: 120.81 | K45: 87.801 | L45: 94.716 | M45: 95.655 | N45: 102.683 | O45: 80.002 | P45: 86.323 | Q45: 98.321 | R45: 84.202 | S45: 89.53 | T45: 67.426 | U45: 78.992 | V45: 107.373
A46: สินค้าคงเหลือ | B46: 18.225 | C46: 18.218 | D46: 20.254 | E46: 19.472 | F46: 20.546 | G46: 20.229 | H46: 20.987 | I46: 20.889 | J46: 26.577 | K46: 26.76 | L46: 27.031 | M46: 27.77 | N46: 32.461 | O46: 24.372 | P46: 24.019 | Q46: 22.476 | R46: 28.86 | S46: 23.142 | T46: 20.679 | U46: 32.895 | V46: 36.342
A47: เจ้าหนี้การค้า | B47: 397.078 | C47: 304.342 | D47: 275.818 | E47: 249.384 | F47: 294.506 | G47: 273.374 | H47: 255.272 | I47: 323.347 | J47: 344.898 | K47: 250.411 | L47: 285.624 | M47: 346.704 | N47: 365.717 | O47: 319.664 | P47: 296.01 | Q47: 343.843 | R47: 374.801 | S47: 268.276 | T47: 280.673 | U47: 503.869 | V47: 598.642
A48: สินทรัพย์รวม | B48: 6742.074 | C48: 6566.336 | D48: 6436.177 | E48: 6335.593 | F48: 6303.015 | G48: 6169.437 | H48: 6101.65 | I48: 6099.483 | J48: 6123.689 | K48: 5998.52 | L48: 5988.515 | M48: 5964.746 | N48: 5948.566 | O48: 5904.48 | P48: 5818.265 | Q48: 5820.068 | R48: 5742.7 | S48: 5725.792 | T48: 5670.272 | U48: 5846.596 | V48: 6047.546
A49: ส่วนของเจ้าของรวม | B49: 2123.641 | C49: 1971.678 | D49: 1803.968 | E49: 1630.456 | F49: 1559.096 | G49: 1450.778 | H49: 1397.127 | I49: 1387.521 | J49: 1663.502 | K49: 1790.99 | L49: 1954.239 | M49: 1971.439 | N49: 2068.992 | O49: 2230.144 | P49: 2265.982 | Q49: 2323.047 | R49: 2483.822 | S49: 2677.681 | T49: 2655.985 | U49: 2629.967 | V49: 2797.22
A50: หนี้สินรวม | B50: 4618.433 | C50: 4594.658 | D50: 4632.209 | E50: 4705.137 | F50: 4743.919 | G50: 4718.659 | H50: 4704.523 | I50: 4711.963 | J50: 4460.186 | K50: 4207.531 | L50: 4034.276 | M50: 3993.306 | N50: 3879.574 | O50: 3674.337 | P50: 3552.284 | Q50: 3497.021 | R50: 3258.879 | S50: 3048.11 | T50: 3014.287 | U50: 3216.629 | V50: 3250.326
A51: ■ SHANG
A52: ลูกหนี้การค้า | B52: 17.979 | C52: 9.62 | D52: 5.633 | E52: 12.294 | F52: 28.897 | G52: 29.831 | H52: 43.417 | I52: 76.648 | J52: 88.569 | K52: 56.896 | L52: 42.509 | M52: 74.082 | N52: 75.488 | O52: 73.267 | P52: 43.853 | Q52: 65.036 | R52: 80.064 | S52: 61.376 | T52: 42.973 | U52: 57.888 | V52: 90.013
A53: สินค้าคงเหลือ | B53: 24.835 | C53: 23.251 | D53: 22.663 | E53: 20.033 | F53: 20.297 | G53: 19.427 | H53: 19.074 | I53: 18 | J53: 24.184 | K53: 20.793 | L53: 23.989 | M53: 24.112 | N53: 31.04 | O53: 25.57 | P53: 24.049 | Q53: 23.925 | R53: 28.732 | S53: 27.765 | T53: 27.609 | U53: 25.864 | V53: 27.883
A54: เจ้าหนี้การค้า | B54: 97.713 | C54: 89.028 | D54: 74.083 | E54: 74.588 | F54: 99.652 | G54: 74.864 | H54: 90.167 | I54: 113.972 | J54: 192.481 | K54: 139.563 | L54: 143.965 | M54: 156.461 | N54: 222.811 | O54: 176.546 | P54: 155.739 | Q54: 164.766 | R54: 234.957 | S54: 162.319 | T54: 137.849 | U54: 132.189 | V54: 259.24
A55: สินทรัพย์รวม | B55: 7678.673 | C55: 7704.899 | D55: 7795.243 | E55: 7761.689 | F55: 7577.451 | G55: 7445.292 | H55: 7561.836 | I55: 7787.865 | J55: 7809.042 | K55: 7829.609 | L55: 7961.29 | M55: 8028.141 | N55: 7848.676 | O55: 8086.747 | P55: 8060.359 | Q55: 8007.153 | R55: 8067.434 | S55: 8195.463 | T55: 7984.993 | U55: 8034.036 | V55: 8261.976
A56: ส่วนของเจ้าของรวม | B56: 7381.006 | C56: 7425.499 | D56: 7512.439 | E56: 7481.804 | F56: 7251.166 | G56: 7131.687 | H56: 7206.907 | I56: 7379.094 | J56: 7292.631 | K56: 7434.763 | L56: 7548.144 | M56: 7575.094 | N56: 7298.278 | O56: 7610.423 | P56: 7600.249 | Q56: 7459.225 | R56: 7439.227 | S56: 7595.093 | T56: 7468.704 | U56: 7505.949 | V56: 7509.094
A57: หนี้สินรวม | B57: 297.667 | C57: 279.4 | D57: 282.804 | E57: 279.885 | F57: 326.285 | G57: 313.605 | H57: 354.929 | I57: 408.771 | J57: 516.411 | K57: 394.846 | L57: 413.146 | M57: 453.047 | N57: 550.397 | O57: 476.324 | P57: 460.11 | Q57: 547.928 | R57: 628.207 | S57: 600.37 | T57: 516.289 | U57: 528.087 | V57: 752.882
A58: ■ SHR
A59: ลูกหนี้การค้า | B59: 52.299 | C59: 113.022 | D59: 116.663 | E59: 212.509 | F59: 387.226 | G59: 392.217 | H59: 439.668 | I59: 464.506 | J59: 501.356 | K59: 437.075 | L59: 443.983 | M59: 386.003 | N59: 534.556 | O59: 480.556 | P59: 343.433 | Q59: 316.165 | R59: 475.753 | S59: 502.606 | T59: 331.082 | U59: 361.827 | V59: 406.258
A60: สินค้าคงเหลือ | B60: 175.762 | C60: 184.864 | D60: 165.008 | E60: 168.977 | F60: 197.777 | G60: 194.508 | H60: 205.79 | I60: 214.535 | J60: 228.506 | K60: 222.848 | L60: 233.082 | M60: 230.417 | N60: 230.951 | O60: 219.271 | P60: 220.927 | Q60: 199.997 | R60: 232.259 | S60: 223.595 | T60: 220.973 | U60: 231.174 | V60: 244.432
A61: เจ้าหนี้การค้า | B61: 587.285 | C61: 1434.284 | D61: 1311.748 | E61: 1503.368 | F61: 1634.569 | G61: 1603.991 | H61: 1687.776 | I61: 1535.406 | J61: 1710.634 | K61: 1726.671 | L61: 1764.509 | M61: 1719.383 | N61: 1666.948 | O61: 1545.236 | P61: 1017.739 | Q61: 934.721 | R61: 975.127 | S61: 865.016 | T61: 819.563 | U61: 807.788 | V61: 1009.863
A62: สินทรัพย์รวม | B62: 27117.268 | C62: 36754.953 | D62: 37165.42 | E62: 38408.151 | F62: 37214.118 | G62: 36458.411 | H62: 37047.483 | I62: 38433.024 | J62: 36449.599 | K62: 36139.858 | L62: 38010.378 | M62: 38311.374 | N62: 37722.704 | O62: 39325.93 | P62: 38844.783 | Q62: 35396.49 | R62: 36325.359 | S62: 36612.798 | T62: 35934.539 | U62: 35409.916 | V62: 33003.412
A63: ส่วนของเจ้าของรวม | B63: 15675.937 | C63: 15954.945 | D63: 15819.261 | E63: 16238.608 | F63: 15881.858 | G63: 15549.686 | H63: 15997.386 | I63: 17083.078 | J63: 16019.169 | K63: 15973.516 | L63: 16580.939 | M63: 16834.999 | N63: 16091.047 | O63: 17091.248 | P63: 17119.998 | Q63: 15365.781 | R63: 15925.838 | S63: 16235.452 | T63: 15859.504 | U63: 15649.4 | V63: 13373.217
A64: หนี้สินรวม | B64: 11441.331 | C64: 20800.008 | D64: 21346.159 | E64: 22169.543 | F64: 21332.26 | G64: 20908.725 | H64: 21050.097 | I64: 21349.946 | J64: 20430.43 | K64: 20166.342 | L64: 21429.439 | M64: 21476.375 | N64: 21631.656 | O64: 22234.682 | P64: 21724.785 | Q64: 20030.709 | R64: 20399.521 | S64: 20377.346 | T64: 20075.035 | U64: 19760.516 | V64: 19630.194
A65: ■ VRANDA
A66: ลูกหนี้การค้า | B66: 32.556 | C66: 25.334 | D66: 26.575 | E66: 34.836 | F66: 42.684 | G66: 36.444 | H66: 40.884 | I66: 39.706 | J66: 52.742 | K66: 43.357 | L66: 37.041 | M66: 44.533 | N66: 55.106 | O66: 49.507 | P66: 52.801 | Q66: 38.157 | R66: 55.427 | S66: 57.227 | T66: 34.675 | U66: 50.23 | V66: 52.939
A67: สินค้าคงเหลือ | B67: 22.856 | C67: 20.845 | D67: 21.035 | E67: 20.024 | F67: 18.876 | G67: 17.516 | H67: 17.115 | I67: 17.758 | J67: 19.872 | K67: 18.562 | L67: 18.568 | M67: 17.729 | N67: 17.401 | O67: 14.345 | P67: 13.825 | Q67: 13.835 | R67: 16.851 | S67: 15.662 | T67: 15.557 | U67: 15.963 | V67: 20.38
A68: เจ้าหนี้การค้า | B68: 260.916 | C68: 180.669 | D68: 176.007 | E68: 174.968 | F68: 184.913 | G68: 163.586 | H68: 166.155 | I68: 161.027 | J68: 196.33 | K68: 185.14 | L68: 185.093 | M68: 221.45 | N68: 280.552 | O68: 300.211 | P68: 323.586 | Q68: 331.171 | R68: 440.911 | S68: 363.318 | T68: 269.551 | U68: 245.158 | V68: 238.739
A69: สินทรัพย์รวม | B69: 5353.744 | C69: 5081.931 | D69: 4908.636 | E69: 4850.744 | F69: 4795.433 | G69: 4707.634 | H69: 4631.572 | I69: 4558.176 | J69: 4740.703 | K69: 4656.829 | L69: 4621.775 | M69: 4701.844 | N69: 4803.484 | O69: 4873.268 | P69: 5061.003 | Q69: 5255.116 | R69: 5614.758 | S69: 5699.147 | T69: 5664.051 | U69: 5766.065 | V69: 5770.154
A70: ส่วนของเจ้าของรวม | B70: 2069.246 | C70: 2034.573 | D70: 1967.246 | E70: 1917.438 | F70: 1930.028 | G70: 1908.669 | H70: 1910.388 | I70: 1912.418 | J70: 1931.141 | K70: 1938.213 | L70: 1923.442 | M70: 1903.09 | N70: 1787.905 | O70: 1824.206 | P70: 1824.873 | Q70: 1829.959 | R70: 1839.092 | S70: 1881.959 | T70: 1853.88 | U70: 1855.722 | V70: 1894.268
A71: หนี้สินรวม | B71: 3284.498 | C71: 3047.358 | D71: 2941.39 | E71: 2933.306 | F71: 2865.405 | G71: 2798.965 | H71: 2721.184 | I71: 2645.758 | J71: 2809.562 | K71: 2718.616 | L71: 2698.333 | M71: 2798.754 | N71: 3015.579 | O71: 3049.062 | P71: 3236.13 | Q71: 3425.157 | R71: 3775.666 | S71: 3817.188 | T71: 3810.171 | U71: 3910.343 | V71: 3875.886

Sheet Notes
A1: TOUR — สมุดงานรวมทุกบริษัท (สูตรสด) 5 ปี × 4 ไตรมาส + สรุปรายปี
A3: ชีตในไฟล์:
A4: Summary_FY อัตราส่วนรายปี FY2568 ทุกบริษัท (=สูตร อ้าง FY_Inputs)
A5: FY_Inputs ตัวเลขดิบรายปี (ช่องเหลือง แก้ได้)
A6: Quarterly_Ratios 7 ตัวชี้วัด+GM+D/E × 20 ไตรมาส ทุกบริษัท (=สูตร อ้าง IS_Flow/BS_Timeline)
A7: IS_Flow งบกำไรขาดทุน 3 เดือน (Q4 = =FY−Q1−Q2−Q3)
A8: BS_Timeline ยอดคงเหลือ 21 จุดเวลา (chain averaging)
A10: สีของช่อง: เหลือง = เติมตัวเลขดิบ (แก้ได้) เขียว = สูตรสด ส้ม = Q4 (สูตรลบ)
A11: แต่ละบริษัทมีบล็อกของตัวเอง (แถวขึ้นต้น ■ TICKER) เรียงต่อกันในแนวตั้ง
A13: สูตร (ฐาน CFA; งบดุลเฉลี่ยแบบ chain ปลายไตรมาสก่อน→ปลายไตรมาสนี้; วัน 90/91/92/92; รายปี 365):
A14: NPM = กำไรสุทธิ / รายได้รวม
A15: Gross Margin = (รายได้ดำเนินงาน − ต้นทุนขาย) / รายได้ดำเนินงาน [รายได้ดำเนินงาน = รายได้รวม − รายได้อื่น]
... A24: ช่องเหลืองที่ยังว่าง = ปี 2564–2567 รอเติมงบ; เติมเมื่อไร อัตราส่วนคำนวณเองทันที
